--
-- PostgreSQL database dump
--

\restrict mdD2ZMeQf3He9AfFHU7viSWiUFErW1epmfGzDsIGy1xQCZxSvWf8POXCurtVN5t

-- Dumped from database version 17.9
-- Dumped by pg_dump version 17.9

SET statement_timeout = 0;
SET lock_timeout = 0;
SET idle_in_transaction_session_timeout = 0;
SET transaction_timeout = 0;
SET client_encoding = 'UTF8';
SET standard_conforming_strings = on;
SELECT pg_catalog.set_config('search_path', '', false);
SET check_function_bodies = false;
SET xmloption = content;
SET client_min_messages = warning;
SET row_security = off;

SET default_tablespace = '';

SET default_table_access_method = heap;

--
-- Name: account_emailaddress; Type: TABLE; Schema: public; Owner: wesiq_admin
--

CREATE TABLE public.account_emailaddress (
    id integer NOT NULL,
    email character varying(254) NOT NULL,
    verified boolean NOT NULL,
    "primary" boolean NOT NULL,
    user_id integer NOT NULL
);


ALTER TABLE public.account_emailaddress OWNER TO wesiq_admin;

--
-- Name: account_emailaddress_id_seq; Type: SEQUENCE; Schema: public; Owner: wesiq_admin
--

ALTER TABLE public.account_emailaddress ALTER COLUMN id ADD GENERATED BY DEFAULT AS IDENTITY (
    SEQUENCE NAME public.account_emailaddress_id_seq
    START WITH 1
    INCREMENT BY 1
    NO MINVALUE
    NO MAXVALUE
    CACHE 1
);


--
-- Name: account_emailconfirmation; Type: TABLE; Schema: public; Owner: wesiq_admin
--

CREATE TABLE public.account_emailconfirmation (
    id integer NOT NULL,
    created timestamp with time zone NOT NULL,
    sent timestamp with time zone,
    key character varying(64) NOT NULL,
    email_address_id integer NOT NULL
);


ALTER TABLE public.account_emailconfirmation OWNER TO wesiq_admin;

--
-- Name: account_emailconfirmation_id_seq; Type: SEQUENCE; Schema: public; Owner: wesiq_admin
--

ALTER TABLE public.account_emailconfirmation ALTER COLUMN id ADD GENERATED BY DEFAULT AS IDENTITY (
    SEQUENCE NAME public.account_emailconfirmation_id_seq
    START WITH 1
    INCREMENT BY 1
    NO MINVALUE
    NO MAXVALUE
    CACHE 1
);


--
-- Name: app_activity; Type: TABLE; Schema: public; Owner: wesiq_admin
--

CREATE TABLE public.app_activity (
    id bigint NOT NULL,
    end_time timestamp with time zone NOT NULL,
    elapsed_time integer NOT NULL,
    gained_xp integer NOT NULL,
    user_id bigint,
    formatted_elapsed_time character varying(11) NOT NULL,
    type character varying(50),
    training_plan_day integer
);


ALTER TABLE public.app_activity OWNER TO wesiq_admin;

--
-- Name: app_activity_id_seq; Type: SEQUENCE; Schema: public; Owner: wesiq_admin
--

ALTER TABLE public.app_activity ALTER COLUMN id ADD GENERATED BY DEFAULT AS IDENTITY (
    SEQUENCE NAME public.app_activity_id_seq
    START WITH 1
    INCREMENT BY 1
    NO MINVALUE
    NO MAXVALUE
    CACHE 1
);


--
-- Name: app_articleforum; Type: TABLE; Schema: public; Owner: wesiq_admin
--

CREATE TABLE public.app_articleforum (
    id bigint NOT NULL,
    comment text NOT NULL,
    likes integer NOT NULL,
    article_id bigint NOT NULL,
    user_id bigint,
    creation_time timestamp with time zone NOT NULL,
    parent_id bigint,
    likes_from_users character varying(100)[] NOT NULL,
    reports integer NOT NULL,
    reports_from_users character varying(100)[] NOT NULL,
    status character varying(20) NOT NULL
);


ALTER TABLE public.app_articleforum OWNER TO wesiq_admin;

--
-- Name: app_articleforum_id_seq; Type: SEQUENCE; Schema: public; Owner: wesiq_admin
--

ALTER TABLE public.app_articleforum ALTER COLUMN id ADD GENERATED BY DEFAULT AS IDENTITY (
    SEQUENCE NAME public.app_articleforum_id_seq
    START WITH 1
    INCREMENT BY 1
    NO MINVALUE
    NO MAXVALUE
    CACHE 1
);


--
-- Name: app_articles; Type: TABLE; Schema: public; Owner: wesiq_admin
--

CREATE TABLE public.app_articles (
    id bigint NOT NULL,
    title character varying(50) NOT NULL,
    content text NOT NULL,
    rating double precision NOT NULL,
    visitors integer NOT NULL,
    image_name character varying(50),
    link character varying(50) NOT NULL,
    creation_time timestamp with time zone NOT NULL,
    categories character varying(50)[] NOT NULL,
    user_id bigint
);


ALTER TABLE public.app_articles OWNER TO wesiq_admin;

--
-- Name: app_articles_id_seq; Type: SEQUENCE; Schema: public; Owner: wesiq_admin
--

ALTER TABLE public.app_articles ALTER COLUMN id ADD GENERATED BY DEFAULT AS IDENTITY (
    SEQUENCE NAME public.app_articles_id_seq
    START WITH 1
    INCREMENT BY 1
    NO MINVALUE
    NO MAXVALUE
    CACHE 1
);


--
-- Name: app_exercises; Type: TABLE; Schema: public; Owner: wesiq_admin
--

CREATE TABLE public.app_exercises (
    id bigint NOT NULL,
    exercise character varying(50) NOT NULL,
    categories character varying(50)[] NOT NULL,
    unit character varying(20) NOT NULL,
    requires_weight boolean NOT NULL
);


ALTER TABLE public.app_exercises OWNER TO wesiq_admin;

--
-- Name: app_exercises_id_seq; Type: SEQUENCE; Schema: public; Owner: wesiq_admin
--

ALTER TABLE public.app_exercises ALTER COLUMN id ADD GENERATED BY DEFAULT AS IDENTITY (
    SEQUENCE NAME public.app_exercises_id_seq
    START WITH 1
    INCREMENT BY 1
    NO MINVALUE
    NO MAXVALUE
    CACHE 1
);


--
-- Name: app_reviews; Type: TABLE; Schema: public; Owner: wesiq_admin
--

CREATE TABLE public.app_reviews (
    id bigint NOT NULL,
    rating integer NOT NULL,
    review text,
    creation_time timestamp with time zone NOT NULL,
    user_id bigint,
    last_edit timestamp with time zone
);


ALTER TABLE public.app_reviews OWNER TO wesiq_admin;

--
-- Name: app_reviews_id_seq; Type: SEQUENCE; Schema: public; Owner: wesiq_admin
--

ALTER TABLE public.app_reviews ALTER COLUMN id ADD GENERATED BY DEFAULT AS IDENTITY (
    SEQUENCE NAME public.app_reviews_id_seq
    START WITH 1
    INCREMENT BY 1
    NO MINVALUE
    NO MAXVALUE
    CACHE 1
);


--
-- Name: app_trainingplan; Type: TABLE; Schema: public; Owner: wesiq_admin
--

CREATE TABLE public.app_trainingplan (
    id bigint NOT NULL,
    exercise character varying(50) NOT NULL,
    user_id bigint,
    day integer,
    type character varying(50),
    periods integer[] NOT NULL,
    "order" integer NOT NULL,
    unit character varying(20) NOT NULL,
    training_plan_key character varying(50) NOT NULL
);


ALTER TABLE public.app_trainingplan OWNER TO wesiq_admin;

--
-- Name: app_trainingplan_id_seq; Type: SEQUENCE; Schema: public; Owner: wesiq_admin
--

ALTER TABLE public.app_trainingplan ALTER COLUMN id ADD GENERATED BY DEFAULT AS IDENTITY (
    SEQUENCE NAME public.app_trainingplan_id_seq
    START WITH 1
    INCREMENT BY 1
    NO MINVALUE
    NO MAXVALUE
    CACHE 1
);


--
-- Name: app_transactions; Type: TABLE; Schema: public; Owner: wesiq_admin
--

CREATE TABLE public.app_transactions (
    id bigint NOT NULL,
    stripe_intent_id character varying(255) NOT NULL,
    cardholder_name character varying(50) NOT NULL,
    amount numeric(10,2) NOT NULL,
    status character varying(20) NOT NULL,
    created_at timestamp with time zone NOT NULL,
    user_id bigint
);


ALTER TABLE public.app_transactions OWNER TO wesiq_admin;

--
-- Name: app_transactions_id_seq; Type: SEQUENCE; Schema: public; Owner: wesiq_admin
--

ALTER TABLE public.app_transactions ALTER COLUMN id ADD GENERATED BY DEFAULT AS IDENTITY (
    SEQUENCE NAME public.app_transactions_id_seq
    START WITH 1
    INCREMENT BY 1
    NO MINVALUE
    NO MAXVALUE
    CACHE 1
);


--
-- Name: app_users; Type: TABLE; Schema: public; Owner: wesiq_admin
--

CREATE TABLE public.app_users (
    id bigint NOT NULL,
    first_name character varying(50) NOT NULL,
    last_name character varying(50) NOT NULL,
    email_address character varying(50) NOT NULL,
    phone_number character varying(50),
    password character varying(255) NOT NULL,
    role character varying(20) NOT NULL,
    profile_picture_name character varying(50),
    creation_time timestamp with time zone NOT NULL,
    last_edit timestamp with time zone,
    google_id character varying(255),
    password_reset_code character varying(6),
    blog_subscribe boolean NOT NULL,
    followers character varying(100)[] NOT NULL,
    following character varying(100)[] NOT NULL,
    xp integer NOT NULL,
    account_status character varying(20) NOT NULL,
    last_login timestamp with time zone,
    language character varying(10) NOT NULL,
    verification_code character varying(6)
);


ALTER TABLE public.app_users OWNER TO wesiq_admin;

--
-- Name: app_users_id_seq; Type: SEQUENCE; Schema: public; Owner: wesiq_admin
--

ALTER TABLE public.app_users ALTER COLUMN id ADD GENERATED BY DEFAULT AS IDENTITY (
    SEQUENCE NAME public.app_users_id_seq
    START WITH 1
    INCREMENT BY 1
    NO MINVALUE
    NO MAXVALUE
    CACHE 1
);


--
-- Name: auth_group; Type: TABLE; Schema: public; Owner: wesiq_admin
--

CREATE TABLE public.auth_group (
    id integer NOT NULL,
    name character varying(150) NOT NULL
);


ALTER TABLE public.auth_group OWNER TO wesiq_admin;

--
-- Name: auth_group_id_seq; Type: SEQUENCE; Schema: public; Owner: wesiq_admin
--

ALTER TABLE public.auth_group ALTER COLUMN id ADD GENERATED BY DEFAULT AS IDENTITY (
    SEQUENCE NAME public.auth_group_id_seq
    START WITH 1
    INCREMENT BY 1
    NO MINVALUE
    NO MAXVALUE
    CACHE 1
);


--
-- Name: auth_group_permissions; Type: TABLE; Schema: public; Owner: wesiq_admin
--

CREATE TABLE public.auth_group_permissions (
    id bigint NOT NULL,
    group_id integer NOT NULL,
    permission_id integer NOT NULL
);


ALTER TABLE public.auth_group_permissions OWNER TO wesiq_admin;

--
-- Name: auth_group_permissions_id_seq; Type: SEQUENCE; Schema: public; Owner: wesiq_admin
--

ALTER TABLE public.auth_group_permissions ALTER COLUMN id ADD GENERATED BY DEFAULT AS IDENTITY (
    SEQUENCE NAME public.auth_group_permissions_id_seq
    START WITH 1
    INCREMENT BY 1
    NO MINVALUE
    NO MAXVALUE
    CACHE 1
);


--
-- Name: auth_permission; Type: TABLE; Schema: public; Owner: wesiq_admin
--

CREATE TABLE public.auth_permission (
    id integer NOT NULL,
    name character varying(255) NOT NULL,
    content_type_id integer NOT NULL,
    codename character varying(100) NOT NULL
);


ALTER TABLE public.auth_permission OWNER TO wesiq_admin;

--
-- Name: auth_permission_id_seq; Type: SEQUENCE; Schema: public; Owner: wesiq_admin
--

ALTER TABLE public.auth_permission ALTER COLUMN id ADD GENERATED BY DEFAULT AS IDENTITY (
    SEQUENCE NAME public.auth_permission_id_seq
    START WITH 1
    INCREMENT BY 1
    NO MINVALUE
    NO MAXVALUE
    CACHE 1
);


--
-- Name: auth_user; Type: TABLE; Schema: public; Owner: wesiq_admin
--

CREATE TABLE public.auth_user (
    id integer NOT NULL,
    password character varying(128) NOT NULL,
    last_login timestamp with time zone,
    is_superuser boolean NOT NULL,
    username character varying(150) NOT NULL,
    first_name character varying(150) NOT NULL,
    last_name character varying(150) NOT NULL,
    email character varying(254) NOT NULL,
    is_staff boolean NOT NULL,
    is_active boolean NOT NULL,
    date_joined timestamp with time zone NOT NULL
);


ALTER TABLE public.auth_user OWNER TO wesiq_admin;

--
-- Name: auth_user_groups; Type: TABLE; Schema: public; Owner: wesiq_admin
--

CREATE TABLE public.auth_user_groups (
    id bigint NOT NULL,
    user_id integer NOT NULL,
    group_id integer NOT NULL
);


ALTER TABLE public.auth_user_groups OWNER TO wesiq_admin;

--
-- Name: auth_user_groups_id_seq; Type: SEQUENCE; Schema: public; Owner: wesiq_admin
--

ALTER TABLE public.auth_user_groups ALTER COLUMN id ADD GENERATED BY DEFAULT AS IDENTITY (
    SEQUENCE NAME public.auth_user_groups_id_seq
    START WITH 1
    INCREMENT BY 1
    NO MINVALUE
    NO MAXVALUE
    CACHE 1
);


--
-- Name: auth_user_id_seq; Type: SEQUENCE; Schema: public; Owner: wesiq_admin
--

ALTER TABLE public.auth_user ALTER COLUMN id ADD GENERATED BY DEFAULT AS IDENTITY (
    SEQUENCE NAME public.auth_user_id_seq
    START WITH 1
    INCREMENT BY 1
    NO MINVALUE
    NO MAXVALUE
    CACHE 1
);


--
-- Name: auth_user_user_permissions; Type: TABLE; Schema: public; Owner: wesiq_admin
--

CREATE TABLE public.auth_user_user_permissions (
    id bigint NOT NULL,
    user_id integer NOT NULL,
    permission_id integer NOT NULL
);


ALTER TABLE public.auth_user_user_permissions OWNER TO wesiq_admin;

--
-- Name: auth_user_user_permissions_id_seq; Type: SEQUENCE; Schema: public; Owner: wesiq_admin
--

ALTER TABLE public.auth_user_user_permissions ALTER COLUMN id ADD GENERATED BY DEFAULT AS IDENTITY (
    SEQUENCE NAME public.auth_user_user_permissions_id_seq
    START WITH 1
    INCREMENT BY 1
    NO MINVALUE
    NO MAXVALUE
    CACHE 1
);


--
-- Name: blog_activity; Type: TABLE; Schema: public; Owner: wesiq_admin
--

CREATE TABLE public.blog_activity (
    id bigint NOT NULL,
    end_time timestamp with time zone NOT NULL,
    elapsed_time integer NOT NULL,
    gained_xp integer NOT NULL,
    user_id bigint,
    formatted_elapsed_time character varying(11) NOT NULL,
    type character varying(50),
    training_plan_day integer
);


ALTER TABLE public.blog_activity OWNER TO wesiq_admin;

--
-- Name: blog_activity_id_seq; Type: SEQUENCE; Schema: public; Owner: wesiq_admin
--

ALTER TABLE public.blog_activity ALTER COLUMN id ADD GENERATED BY DEFAULT AS IDENTITY (
    SEQUENCE NAME public.blog_activity_id_seq
    START WITH 1
    INCREMENT BY 1
    NO MINVALUE
    NO MAXVALUE
    CACHE 1
);


--
-- Name: blog_articleforum; Type: TABLE; Schema: public; Owner: wesiq_admin
--

CREATE TABLE public.blog_articleforum (
    id bigint NOT NULL,
    comment text NOT NULL,
    likes integer NOT NULL,
    article_id bigint NOT NULL,
    user_id bigint,
    creation_time timestamp with time zone NOT NULL,
    parent_id bigint,
    likes_from_users character varying(100)[] NOT NULL,
    reports integer NOT NULL,
    reports_from_users character varying(100)[] NOT NULL,
    status character varying(20) NOT NULL
);


ALTER TABLE public.blog_articleforum OWNER TO wesiq_admin;

--
-- Name: blog_articleforum_id_seq; Type: SEQUENCE; Schema: public; Owner: wesiq_admin
--

ALTER TABLE public.blog_articleforum ALTER COLUMN id ADD GENERATED BY DEFAULT AS IDENTITY (
    SEQUENCE NAME public.blog_articleforum_id_seq
    START WITH 1
    INCREMENT BY 1
    NO MINVALUE
    NO MAXVALUE
    CACHE 1
);


--
-- Name: blog_articles; Type: TABLE; Schema: public; Owner: wesiq_admin
--

CREATE TABLE public.blog_articles (
    id bigint NOT NULL,
    title character varying(50) NOT NULL,
    content text NOT NULL,
    rating double precision NOT NULL,
    visitors integer NOT NULL,
    image_name character varying(50),
    link character varying(50) NOT NULL,
    creation_time timestamp with time zone NOT NULL,
    categories character varying(50)[] NOT NULL,
    user_id bigint
);


ALTER TABLE public.blog_articles OWNER TO wesiq_admin;

--
-- Name: blog_articles_id_seq; Type: SEQUENCE; Schema: public; Owner: wesiq_admin
--

ALTER TABLE public.blog_articles ALTER COLUMN id ADD GENERATED BY DEFAULT AS IDENTITY (
    SEQUENCE NAME public.blog_articles_id_seq
    START WITH 1
    INCREMENT BY 1
    NO MINVALUE
    NO MAXVALUE
    CACHE 1
);


--
-- Name: blog_exercises; Type: TABLE; Schema: public; Owner: wesiq_admin
--

CREATE TABLE public.blog_exercises (
    id bigint NOT NULL,
    exercise character varying(50) NOT NULL,
    categories character varying(50)[] NOT NULL,
    unit character varying(20) NOT NULL,
    requires_weight boolean NOT NULL
);


ALTER TABLE public.blog_exercises OWNER TO wesiq_admin;

--
-- Name: blog_exercises_id_seq; Type: SEQUENCE; Schema: public; Owner: wesiq_admin
--

ALTER TABLE public.blog_exercises ALTER COLUMN id ADD GENERATED BY DEFAULT AS IDENTITY (
    SEQUENCE NAME public.blog_exercises_id_seq
    START WITH 1
    INCREMENT BY 1
    NO MINVALUE
    NO MAXVALUE
    CACHE 1
);


--
-- Name: blog_reviews; Type: TABLE; Schema: public; Owner: wesiq_admin
--

CREATE TABLE public.blog_reviews (
    id bigint NOT NULL,
    rating integer NOT NULL,
    review text,
    creation_time timestamp with time zone NOT NULL,
    user_id bigint,
    last_edit timestamp with time zone
);


ALTER TABLE public.blog_reviews OWNER TO wesiq_admin;

--
-- Name: blog_reviews_id_seq; Type: SEQUENCE; Schema: public; Owner: wesiq_admin
--

ALTER TABLE public.blog_reviews ALTER COLUMN id ADD GENERATED BY DEFAULT AS IDENTITY (
    SEQUENCE NAME public.blog_reviews_id_seq
    START WITH 1
    INCREMENT BY 1
    NO MINVALUE
    NO MAXVALUE
    CACHE 1
);


--
-- Name: blog_trainingplan; Type: TABLE; Schema: public; Owner: wesiq_admin
--

CREATE TABLE public.blog_trainingplan (
    id bigint NOT NULL,
    exercise character varying(50) NOT NULL,
    user_id bigint,
    day integer,
    type character varying(50),
    periods integer[] NOT NULL,
    "order" integer NOT NULL,
    unit character varying(20) NOT NULL,
    training_plan_key character varying(50) NOT NULL
);


ALTER TABLE public.blog_trainingplan OWNER TO wesiq_admin;

--
-- Name: blog_trainingplan_id_seq; Type: SEQUENCE; Schema: public; Owner: wesiq_admin
--

ALTER TABLE public.blog_trainingplan ALTER COLUMN id ADD GENERATED BY DEFAULT AS IDENTITY (
    SEQUENCE NAME public.blog_trainingplan_id_seq
    START WITH 1
    INCREMENT BY 1
    NO MINVALUE
    NO MAXVALUE
    CACHE 1
);


--
-- Name: blog_transactions; Type: TABLE; Schema: public; Owner: wesiq_admin
--

CREATE TABLE public.blog_transactions (
    id bigint NOT NULL,
    stripe_intent_id character varying(255) NOT NULL,
    cardholder_name character varying(50) NOT NULL,
    amount numeric(10,2) NOT NULL,
    status character varying(20) NOT NULL,
    created_at timestamp with time zone NOT NULL,
    user_id bigint
);


ALTER TABLE public.blog_transactions OWNER TO wesiq_admin;

--
-- Name: blog_transactions_id_seq; Type: SEQUENCE; Schema: public; Owner: wesiq_admin
--

ALTER TABLE public.blog_transactions ALTER COLUMN id ADD GENERATED BY DEFAULT AS IDENTITY (
    SEQUENCE NAME public.blog_transactions_id_seq
    START WITH 1
    INCREMENT BY 1
    NO MINVALUE
    NO MAXVALUE
    CACHE 1
);


--
-- Name: blog_users; Type: TABLE; Schema: public; Owner: wesiq_admin
--

CREATE TABLE public.blog_users (
    id bigint NOT NULL,
    first_name character varying(50) NOT NULL,
    last_name character varying(50) NOT NULL,
    email_address character varying(50) NOT NULL,
    phone_number character varying(50),
    password character varying(255) NOT NULL,
    role character varying(20) NOT NULL,
    profile_picture_name character varying(50),
    creation_time timestamp with time zone NOT NULL,
    last_edit timestamp with time zone,
    google_id character varying(255),
    password_reset_code character varying(6),
    blog_subscribe boolean NOT NULL,
    followers character varying(100)[] NOT NULL,
    following character varying(100)[] NOT NULL,
    xp integer NOT NULL,
    account_status character varying(20) NOT NULL,
    last_login timestamp with time zone,
    language character varying(10) NOT NULL,
    verification_code character varying(6)
);


ALTER TABLE public.blog_users OWNER TO wesiq_admin;

--
-- Name: blog_users_id_seq; Type: SEQUENCE; Schema: public; Owner: wesiq_admin
--

ALTER TABLE public.blog_users ALTER COLUMN id ADD GENERATED BY DEFAULT AS IDENTITY (
    SEQUENCE NAME public.blog_users_id_seq
    START WITH 1
    INCREMENT BY 1
    NO MINVALUE
    NO MAXVALUE
    CACHE 1
);


--
-- Name: django_admin_log; Type: TABLE; Schema: public; Owner: wesiq_admin
--

CREATE TABLE public.django_admin_log (
    id integer NOT NULL,
    action_time timestamp with time zone NOT NULL,
    object_id text,
    object_repr character varying(200) NOT NULL,
    action_flag smallint NOT NULL,
    change_message text NOT NULL,
    content_type_id integer,
    user_id integer NOT NULL,
    CONSTRAINT django_admin_log_action_flag_check CHECK ((action_flag >= 0))
);


ALTER TABLE public.django_admin_log OWNER TO wesiq_admin;

--
-- Name: django_admin_log_id_seq; Type: SEQUENCE; Schema: public; Owner: wesiq_admin
--

ALTER TABLE public.django_admin_log ALTER COLUMN id ADD GENERATED BY DEFAULT AS IDENTITY (
    SEQUENCE NAME public.django_admin_log_id_seq
    START WITH 1
    INCREMENT BY 1
    NO MINVALUE
    NO MAXVALUE
    CACHE 1
);


--
-- Name: django_celery_beat_clockedschedule; Type: TABLE; Schema: public; Owner: wesiq_admin
--

CREATE TABLE public.django_celery_beat_clockedschedule (
    id integer NOT NULL,
    clocked_time timestamp with time zone NOT NULL
);


ALTER TABLE public.django_celery_beat_clockedschedule OWNER TO wesiq_admin;

--
-- Name: django_celery_beat_clockedschedule_id_seq; Type: SEQUENCE; Schema: public; Owner: wesiq_admin
--

ALTER TABLE public.django_celery_beat_clockedschedule ALTER COLUMN id ADD GENERATED BY DEFAULT AS IDENTITY (
    SEQUENCE NAME public.django_celery_beat_clockedschedule_id_seq
    START WITH 1
    INCREMENT BY 1
    NO MINVALUE
    NO MAXVALUE
    CACHE 1
);


--
-- Name: django_celery_beat_crontabschedule; Type: TABLE; Schema: public; Owner: wesiq_admin
--

CREATE TABLE public.django_celery_beat_crontabschedule (
    id integer NOT NULL,
    minute character varying(240) NOT NULL,
    hour character varying(96) NOT NULL,
    day_of_week character varying(64) NOT NULL,
    day_of_month character varying(124) NOT NULL,
    month_of_year character varying(64) NOT NULL,
    timezone character varying(63) NOT NULL
);


ALTER TABLE public.django_celery_beat_crontabschedule OWNER TO wesiq_admin;

--
-- Name: django_celery_beat_crontabschedule_id_seq; Type: SEQUENCE; Schema: public; Owner: wesiq_admin
--

ALTER TABLE public.django_celery_beat_crontabschedule ALTER COLUMN id ADD GENERATED BY DEFAULT AS IDENTITY (
    SEQUENCE NAME public.django_celery_beat_crontabschedule_id_seq
    START WITH 1
    INCREMENT BY 1
    NO MINVALUE
    NO MAXVALUE
    CACHE 1
);


--
-- Name: django_celery_beat_intervalschedule; Type: TABLE; Schema: public; Owner: wesiq_admin
--

CREATE TABLE public.django_celery_beat_intervalschedule (
    id integer NOT NULL,
    every integer NOT NULL,
    period character varying(24) NOT NULL
);


ALTER TABLE public.django_celery_beat_intervalschedule OWNER TO wesiq_admin;

--
-- Name: django_celery_beat_intervalschedule_id_seq; Type: SEQUENCE; Schema: public; Owner: wesiq_admin
--

ALTER TABLE public.django_celery_beat_intervalschedule ALTER COLUMN id ADD GENERATED BY DEFAULT AS IDENTITY (
    SEQUENCE NAME public.django_celery_beat_intervalschedule_id_seq
    START WITH 1
    INCREMENT BY 1
    NO MINVALUE
    NO MAXVALUE
    CACHE 1
);


--
-- Name: django_celery_beat_periodictask; Type: TABLE; Schema: public; Owner: wesiq_admin
--

CREATE TABLE public.django_celery_beat_periodictask (
    id integer NOT NULL,
    name character varying(200) NOT NULL,
    task character varying(200) NOT NULL,
    args text NOT NULL,
    kwargs text NOT NULL,
    queue character varying(200),
    exchange character varying(200),
    routing_key character varying(200),
    expires timestamp with time zone,
    enabled boolean NOT NULL,
    last_run_at timestamp with time zone,
    total_run_count integer NOT NULL,
    date_changed timestamp with time zone NOT NULL,
    description text NOT NULL,
    crontab_id integer,
    interval_id integer,
    solar_id integer,
    one_off boolean NOT NULL,
    start_time timestamp with time zone,
    priority integer,
    headers text NOT NULL,
    clocked_id integer,
    expire_seconds integer,
    CONSTRAINT django_celery_beat_periodictask_expire_seconds_check CHECK ((expire_seconds >= 0)),
    CONSTRAINT django_celery_beat_periodictask_priority_check CHECK ((priority >= 0)),
    CONSTRAINT django_celery_beat_periodictask_total_run_count_check CHECK ((total_run_count >= 0))
);


ALTER TABLE public.django_celery_beat_periodictask OWNER TO wesiq_admin;

--
-- Name: django_celery_beat_periodictask_id_seq; Type: SEQUENCE; Schema: public; Owner: wesiq_admin
--

ALTER TABLE public.django_celery_beat_periodictask ALTER COLUMN id ADD GENERATED BY DEFAULT AS IDENTITY (
    SEQUENCE NAME public.django_celery_beat_periodictask_id_seq
    START WITH 1
    INCREMENT BY 1
    NO MINVALUE
    NO MAXVALUE
    CACHE 1
);


--
-- Name: django_celery_beat_periodictasks; Type: TABLE; Schema: public; Owner: wesiq_admin
--

CREATE TABLE public.django_celery_beat_periodictasks (
    ident smallint NOT NULL,
    last_update timestamp with time zone NOT NULL
);


ALTER TABLE public.django_celery_beat_periodictasks OWNER TO wesiq_admin;

--
-- Name: django_celery_beat_solarschedule; Type: TABLE; Schema: public; Owner: wesiq_admin
--

CREATE TABLE public.django_celery_beat_solarschedule (
    id integer NOT NULL,
    event character varying(24) NOT NULL,
    latitude numeric(9,6) NOT NULL,
    longitude numeric(9,6) NOT NULL
);


ALTER TABLE public.django_celery_beat_solarschedule OWNER TO wesiq_admin;

--
-- Name: django_celery_beat_solarschedule_id_seq; Type: SEQUENCE; Schema: public; Owner: wesiq_admin
--

ALTER TABLE public.django_celery_beat_solarschedule ALTER COLUMN id ADD GENERATED BY DEFAULT AS IDENTITY (
    SEQUENCE NAME public.django_celery_beat_solarschedule_id_seq
    START WITH 1
    INCREMENT BY 1
    NO MINVALUE
    NO MAXVALUE
    CACHE 1
);


--
-- Name: django_content_type; Type: TABLE; Schema: public; Owner: wesiq_admin
--

CREATE TABLE public.django_content_type (
    id integer NOT NULL,
    app_label character varying(100) NOT NULL,
    model character varying(100) NOT NULL
);


ALTER TABLE public.django_content_type OWNER TO wesiq_admin;

--
-- Name: django_content_type_id_seq; Type: SEQUENCE; Schema: public; Owner: wesiq_admin
--

ALTER TABLE public.django_content_type ALTER COLUMN id ADD GENERATED BY DEFAULT AS IDENTITY (
    SEQUENCE NAME public.django_content_type_id_seq
    START WITH 1
    INCREMENT BY 1
    NO MINVALUE
    NO MAXVALUE
    CACHE 1
);


--
-- Name: django_migrations; Type: TABLE; Schema: public; Owner: wesiq_admin
--

CREATE TABLE public.django_migrations (
    id bigint NOT NULL,
    app character varying(255) NOT NULL,
    name character varying(255) NOT NULL,
    applied timestamp with time zone NOT NULL
);


ALTER TABLE public.django_migrations OWNER TO wesiq_admin;

--
-- Name: django_migrations_id_seq; Type: SEQUENCE; Schema: public; Owner: wesiq_admin
--

ALTER TABLE public.django_migrations ALTER COLUMN id ADD GENERATED BY DEFAULT AS IDENTITY (
    SEQUENCE NAME public.django_migrations_id_seq
    START WITH 1
    INCREMENT BY 1
    NO MINVALUE
    NO MAXVALUE
    CACHE 1
);


--
-- Name: django_session; Type: TABLE; Schema: public; Owner: wesiq_admin
--

CREATE TABLE public.django_session (
    session_key character varying(40) NOT NULL,
    session_data text NOT NULL,
    expire_date timestamp with time zone NOT NULL
);


ALTER TABLE public.django_session OWNER TO wesiq_admin;

--
-- Name: socialaccount_socialaccount; Type: TABLE; Schema: public; Owner: wesiq_admin
--

CREATE TABLE public.socialaccount_socialaccount (
    id integer NOT NULL,
    provider character varying(200) NOT NULL,
    uid character varying(191) NOT NULL,
    last_login timestamp with time zone NOT NULL,
    date_joined timestamp with time zone NOT NULL,
    extra_data jsonb NOT NULL,
    user_id integer NOT NULL
);


ALTER TABLE public.socialaccount_socialaccount OWNER TO wesiq_admin;

--
-- Name: socialaccount_socialaccount_id_seq; Type: SEQUENCE; Schema: public; Owner: wesiq_admin
--

ALTER TABLE public.socialaccount_socialaccount ALTER COLUMN id ADD GENERATED BY DEFAULT AS IDENTITY (
    SEQUENCE NAME public.socialaccount_socialaccount_id_seq
    START WITH 1
    INCREMENT BY 1
    NO MINVALUE
    NO MAXVALUE
    CACHE 1
);


--
-- Name: socialaccount_socialapp; Type: TABLE; Schema: public; Owner: wesiq_admin
--

CREATE TABLE public.socialaccount_socialapp (
    id integer NOT NULL,
    provider character varying(30) NOT NULL,
    name character varying(40) NOT NULL,
    client_id character varying(191) NOT NULL,
    secret character varying(191) NOT NULL,
    key character varying(191) NOT NULL,
    provider_id character varying(200) NOT NULL,
    settings jsonb NOT NULL
);


ALTER TABLE public.socialaccount_socialapp OWNER TO wesiq_admin;

--
-- Name: socialaccount_socialapp_id_seq; Type: SEQUENCE; Schema: public; Owner: wesiq_admin
--

ALTER TABLE public.socialaccount_socialapp ALTER COLUMN id ADD GENERATED BY DEFAULT AS IDENTITY (
    SEQUENCE NAME public.socialaccount_socialapp_id_seq
    START WITH 1
    INCREMENT BY 1
    NO MINVALUE
    NO MAXVALUE
    CACHE 1
);


--
-- Name: socialaccount_socialtoken; Type: TABLE; Schema: public; Owner: wesiq_admin
--

CREATE TABLE public.socialaccount_socialtoken (
    id integer NOT NULL,
    token text NOT NULL,
    token_secret text NOT NULL,
    expires_at timestamp with time zone,
    account_id integer NOT NULL,
    app_id integer
);


ALTER TABLE public.socialaccount_socialtoken OWNER TO wesiq_admin;

--
-- Name: socialaccount_socialtoken_id_seq; Type: SEQUENCE; Schema: public; Owner: wesiq_admin
--

ALTER TABLE public.socialaccount_socialtoken ALTER COLUMN id ADD GENERATED BY DEFAULT AS IDENTITY (
    SEQUENCE NAME public.socialaccount_socialtoken_id_seq
    START WITH 1
    INCREMENT BY 1
    NO MINVALUE
    NO MAXVALUE
    CACHE 1
);


--
-- Data for Name: account_emailaddress; Type: TABLE DATA; Schema: public; Owner: wesiq_admin
--

COPY public.account_emailaddress (id, email, verified, "primary", user_id) FROM stdin;
1	behulpatrik@gmail.com	t	t	1
\.


--
-- Data for Name: account_emailconfirmation; Type: TABLE DATA; Schema: public; Owner: wesiq_admin
--

COPY public.account_emailconfirmation (id, created, sent, key, email_address_id) FROM stdin;
\.


--
-- Data for Name: app_activity; Type: TABLE DATA; Schema: public; Owner: wesiq_admin
--

COPY public.app_activity (id, end_time, elapsed_time, gained_xp, user_id, formatted_elapsed_time, type, training_plan_day) FROM stdin;
44	2026-03-02 19:19:26.846116+00	1574	60	16	0h 26m 14s	Pull	\N
45	2026-03-02 19:20:08.831832+00	195	11	16	0h 03m 15s	\N	\N
46	2026-03-03 13:18:25.384391+00	654	35	16	0h 10m 54s	Push	\N
47	2026-03-05 19:41:09.274059+00	247	14	16	0h 04m 07s	Pull	\N
48	2026-03-05 19:42:50.442707+00	132	7	16	0h 02m 12s	Legs	3
49	2026-03-09 19:47:11.380579+00	23	1	16	0h 00m 23s	Pull	1
50	2026-03-10 08:33:08.528564+00	16	1	16	0h 00m 16s	\N	\N
51	2026-03-10 08:33:31.877067+00	152	8	16	0h 02m 32s	Push	2
52	2026-03-10 08:34:38.974452+00	15	1	16	0h 00m 15s	\N	\N
53	2026-03-10 08:36:05.329132+00	17	1	16	0h 00m 17s	\N	\N
\.


--
-- Data for Name: app_articleforum; Type: TABLE DATA; Schema: public; Owner: wesiq_admin
--

COPY public.app_articleforum (id, comment, likes, article_id, user_id, creation_time, parent_id, likes_from_users, reports, reports_from_users, status) FROM stdin;
\.


--
-- Data for Name: app_articles; Type: TABLE DATA; Schema: public; Owner: wesiq_admin
--

COPY public.app_articles (id, title, content, rating, visitors, image_name, link, creation_time, categories, user_id) FROM stdin;
1	Front Lever	Lorem ipsum dolor sit amet consectetur adipisicing elit. Sed nihil sit maxime explicabo quod, aut, quae, magnam consectetur cupiditate error corrupti officiis voluptate. Iure quidem porro eius voluptates, incidunt alias.	4.2	11	front-lever.jpg	front-lever	2025-02-11 14:00:12.47661+00	{static,pull,advanced}	16
2	Stojka	Lorem ipsum dolor sit amet consectetur adipisicing elit. Sed nihil sit maxime explicabo quod, aut, quae, magnam consectetur cupiditate error corrupti officiis voluptate. Iure quidem porro eius voluptates, incidunt alias.	3.1	2	handstand.jpg	handstand	2025-11-28 14:00:12.47661+00	{balance,push,intermediate}	16
4	360	Lorem ipsum dolor sit amet consectetur adipisicing elit. Sed nihil sit maxime explicabo quod, aut, quae, magnam consectetur cupiditate error corrupti officiis voluptate. Iure quidem porro eius voluptates, incidunt alias.	4.4	9	swing-360.webp	swing-360	2025-08-13 14:00:12.47661+00	{dynamic,intermediate}	16
3	Zhyb na jednej ruke	Lorem ipsum dolor sit amet consectetur adipisicing elit. Sed nihil sit maxime explicabo quod, aut, quae, magnam consectetur cupiditate error corrupti officiis voluptate. Iure quidem porro eius voluptates, incidunt alias.	0	3	one-arm-pull-up.webp	one-arm-pull-up	2025-11-27 14:00:12.47661+00	{isotonic,pull,advanced}	16
\.


--
-- Data for Name: app_exercises; Type: TABLE DATA; Schema: public; Owner: wesiq_admin
--

COPY public.app_exercises (id, exercise, categories, unit, requires_weight) FROM stdin;
2	Push Up	{Push}	reps	f
1	Dip	{Push}	reps	f
0	Pull Up	{Pull}	reps	f
5	Pistol Squat	{Legs}	reps	f
9	Bar Dip	{}	reps	f
8	One Arm Push Up	{}	reps	f
7	One Arm Pull Up	{}	reps	f
12	Knee Push Up	{}	reps	f
11	Australian Pull Up	{}	reps	f
10	Korean Dip	{}	reps	f
13	Handstand Push Up	{}	reps	f
18	Scapular Pull Up	{}	reps	f
17	Lower Back Extension	{}	reps	f
14	Clap Push Up	{}	reps	f
21	Front Lever Press	{}	reps	f
20	Front Lever Pull Up	{}	reps	f
19	Chin Up	{}	reps	f
25	Pullover	{}	reps	f
29	Archer Push Up	{}	reps	f
28	Pike Push Up	{}	reps	f
26	Toes To Bar	{}	reps	f
30	Bulgarian Push Up	{}	reps	f
6	Handstand	{Balance,Push}	seconds	f
4	Front Lever	{Static,Pull}	seconds	f
22	Back Lever	{}	seconds	f
24	V-Sit	{}	seconds	f
23	L-Sit	{}	seconds	f
27	Hang On Bar	{}	seconds	f
31	90 Degree Handstand Push Up	{}	reps	f
3	Squat	{Legs}	reps	f
16	Bench Press	{}	reps	t
15	Deadlift	{}	reps	t
33	Incline Push Up	{}	reps	f
32	Decline Push Up	{}	reps	f
42	Planche Lean	{}	seconds	f
41	Advanced Tuck Front Lever	{}	seconds	f
40	Tuck Front Lever	{}	seconds	f
39	Straddle Front Lever	{}	seconds	f
38	Straddle Planche	{}	seconds	f
37	Tuck Planche	{}	seconds	f
36	Planche Push Up	{}	reps	f
35	Planche Press	{}	reps	f
34	Planche	{}	seconds	f
43	Advanced Tuck Planche	{}	seconds	f
47	Front Squat	{}	reps	t
46	Human Flag	{}	seconds	f
45	Dragon Flag	{}	seconds	f
44	Biceps Curl	{}	reps	t
50	Sissy Squat	{}	reps	f
49	Jump Squat	{}	reps	f
48	Bulgarian Split Squat	{}	reps	f
56	Dumbbell Pullover	{}	reps	t
55	Incline Dumbbell Bench Press	{}	reps	t
54	Bent Over Dumbbell Row	{}	reps	t
53	One Arm Dumbbell Row	{}	reps	t
52	Dumbbell Bench Press	{}	reps	t
51	Dumbbell Lateral Raise	{}	reps	t
65	Crunch	{}	reps	f
64	Sit Up	{}	reps	f
62	Dumbbell Flys	{}	reps	t
61	Tricep Extension	{}	reps	t
60	Military Press	{}	reps	t
59	Bent Over Dumbbell Reverse Fly	{}	reps	t
58	Bent Over Row	{}	reps	t
57	Dumbbell Stiff Leg Deadlift	{}	reps	t
63	Floor Leg Raise	{}	reps	f
72	Hanging Knee Raise	{}	reps	f
71	Rotating Mountain Climber	{}	reps	f
70	Russian Twist	{}	reps	f
69	Side Plank	{}	seconds	f
68	Hanging Leg Raise	{}	reps	f
67	Plank	{}	seconds	f
66	Cable Crunch	{}	reps	t
73	Muscle Up	{}	reps	f
77	Abdominal Rollouts	{}	reps	f
76	Abdominal Air Bike	{}	reps	f
75	Cable Hip Abduction	{}	reps	t
74	Hip Abduction Machine	{}	reps	t
81	Hanging Knee Twist Raise	{}	reps	f
80	Alternate Straight Leg Lower	{}	reps	f
79	Decline Bench Sit Up	{}	reps	f
78	Pallof Press	{}	reps	t
85	Standing Cable Crunch	{}	reps	t
84	Lying Floor Knee Tuck	{}	reps	f
83	Dead Bug	{}	reps	f
82	Pallof Press with Rotation	{}	reps	t
91	Standing Barbell Twist	{}	reps	t
90	Abominal Hip Thrust	{}	reps	f
89	Turkish Get Up	{}	reps	t
88	Wide Stance Cable Anti-Rotation	{}	reps	t
87	Standing Cable Crunch	{}	reps	t
86	Roman Chair Leg Raise	{}	reps	f
96	Standing Push Pull	{}	reps	t
95	Half Kneeling Pallof Press	{}	reps	t
94	Straight Leg Toe Touch	{}	reps	f
93	Decline Bench Leg Raise	{}	reps	f
92	Hollow Body Hold	{}	seconds	f
100	Frog Sit Up	{}	reps	f
98	Ipsilateral Bird Dog	{}	reps	f
97	Lying Alternate Heel Touches	{}	reps	f
99	L-Sit to Handstand Press	{}	reps	f
106	Zottman Curl	{}	reps	t
105	Barbell Curl	{}	reps	t
104	Hammer Curl	{}	reps	t
103	Dumbbell Curl	{}	reps	t
102	Cable Hip Adduction	{}	reps	t
101	Hip Adduction Machine	{}	reps	t
110	Concentration Curl	{}	reps	t
109	Cross Body Hammer Curl	{}	reps	t
108	EZ Bar Preacher Curl	{}	reps	t
107	Cable Curl	{}	reps	t
115	Alternating Seated Dumbbell Curl	{}	reps	t
114	Alternating Standing Dumbbell Curl	{}	reps	t
113	Cable Curl	{}	reps	t
112	Barbell Preacher Curl	{}	reps	t
111	EZ Bar Curl	{}	reps	t
120	Dumbbell Hammer Preacher Curl	{}	reps	t
119	Standing High Pulley Cable Curl	{}	reps	t
118	Spider Curl	{}	reps	t
117	Machine Bicep Curl	{}	reps	t
116	Standing Dumbbell Reverse Curl	{}	reps	t
123	Standing Dumbbell Drag Curl	{}	reps	t
122	Seated Hammer Curl	{}	reps	t
121	Seated Dumbbell Curl	{}	reps	t
127	Seated Barbell Curl	{}	reps	t
126	Seated Zottman Curl	{}	reps	t
125	Standing Dumbbell Drag Curl	{}	reps	t
124	Smith Machine Bicep Curl	{}	reps	t
135	One Arm Cable Curl	{}	reps	t
134	One Arm Seated Dumbbell Curl	{}	reps	t
133	Barbell Drag Curl	{}	reps	t
132	One Arm Standing Hammer Curl	{}	reps	t
131	Close Grip EZ Bar Curl	{}	reps	t
130	Cable Drag Curl	{}	reps	t
129	Squatting Cable Curl	{}	reps	t
128	Lying Cable Curl	{}	reps	t
140	Prone Incline Dumbbell Curl	{}	reps	t
139	Lying Dumbbell Curl	{}	reps	t
138	Barbell Concentration Curl	{}	reps	t
137	Lateral Pulldown Bicep Curl	{}	reps	t
136	One Arm Standing Dumbbell Curl	{}	reps	t
150	Incline Hammer Curl	{}	reps	t
149	Hammer Bar Curl	{}	reps	t
148	One Arm Dumbbell Hammer Preacher	{}	reps	t
147	Two Arm Low Pulley Cable Curl	{}	reps	t
146	One Arm Dumbbell Preacher Curl	{}	reps	t
145	Zottman Preacher Curl	{}	reps	t
144	Alternating Seated Hammer Curl	{}	reps	t
143	Incline Bench Dumbbell Curl	{}	reps	t
142	Lying Incline Bench Barbell Curl	{}	reps	t
141	Prone Incline Hammer Curl	{}	reps	t
155	Incline Bench Hammer Curl	{}	reps	t
154	Hammer Bar Preacher Curl	{}	reps	t
153	Alternating Standing Dumbbell Twisting Curls	{}	reps	t
152	Seated Cable Curl	{}	reps	t
151	Lying Wide Dumbbell Curl	{}	reps	t
161	Close Grip Standing Barbell Curl	{}	reps	t
160	Cable Preacher Curl	{}	reps	t
159	Wide Grip EZ Bar Curl	{}	reps	t
158	One Arm Dumbbell Hammer Preacher Curl	{}	reps	t
156	Close Grip Cable Curl	{}	reps	t
165	Incline Cable Bicep Curl	{}	reps	t
164	One Arm Prone Incline Dumbbell Curl	{}	reps	t
163	Alternating Dumbbell Preacher Curl	{}	reps	t
162	Cable Concentration Curl	{}	reps	t
168	One Arm Seated Hammer Curl	{}	reps	t
167	One Arm Prone Hammer Curl	{}	reps	t
166	Alternating Dumbbell Hammer Preacher Curl	{}	reps	t
170	Alternating Incline Hammer Curl	{}	reps	t
169	Lying High Pulley Close Grip Cable Curl	{}	reps	t
157	Bicep Curl Sled Drag	{}	steps	t
177	Seated Calf Raise	{}	reps	t
175	Lateral Kneeling Adductor Mobilization	{}	reps	t
174	Adductor Foam Rolling	{}	reps	t
173	Rocking Frog Stretch	{}	reps	f
172	Alternating Lateral Lunge with Overhead Reach	{}	reps	f
171	Deep Squat Prying	{}	reps	t
183	Alternating Single Leg Jump Rope	{}	seconds	f
182	45 Degree Toe Raise	{}	reps	t
181	Toes Out 45 Degree Calf Raise	{}	reps	t
180	Toes In 45 Degree Calf Raise	{}	reps	t
179	Calves Tiger Tail	{}	reps	f
178	Standing Machine Calf Raise	{}	reps	t
191	Double Jump on Jump Rope	{}	seconds	f
190	Donkey Calf Raise	{}	reps	t
189	Cable Calf Raise	{}	reps	t
188	Standing Calf Raise	{}	reps	f
187	Banded Tibialis Raise	{}	reps	t
186	Anterior Calf Tiger Tail	{}	reps	f
185	Anterior Calf Lacrosse Ball	{}	reps	f
184	Anterior Calf Foam Rolling	{}	reps	f
195	Knee Break Ankle Mobilization	{}	reps	f
194	Jump Rope	{}	seconds	f
193	Hack Squat Calf Raise	{}	reps	t
192	Front to Back on Jump Rope	{}	seconds	f
201	One Leg Seated Calf Raise	{}	reps	t
200	One Leg Hack Squat Calf Raise	{}	reps	t
199	One Leg Standing Calf Raise	{}	reps	f
198	One Leg Donkey Calf Raise	{}	reps	t
197	One Leg Cable Calf Raise	{}	reps	t
196	One Leg 45 Degree Calf Raise	{}	reps	t
205	One Leg Smith Machine Toe Raise	{}	reps	t
204	One Leg Smith Machine Seated Calf Raise	{}	reps	t
203	One Leg Smith Machine Calf Raise	{}	reps	t
202	One Leg Seated Dumbbell Calf Raise	{}	reps	t
176	45 Degree Leg Press Calf Raise	{}	reps	t
\.


--
-- Data for Name: app_reviews; Type: TABLE DATA; Schema: public; Owner: wesiq_admin
--

COPY public.app_reviews (id, rating, review, creation_time, user_id, last_edit) FROM stdin;
11	3	Okej	2025-10-30 10:54:18.638467+00	16	2026-03-14 08:19:52.67601+00
12	4		2025-11-09 19:41:17.37976+00	17	\N
10	5	Super!	2025-10-30 09:09:29.430907+00	\N	\N
\.


--
-- Data for Name: app_trainingplan; Type: TABLE DATA; Schema: public; Owner: wesiq_admin
--

COPY public.app_trainingplan (id, exercise, user_id, day, type, periods, "order", unit, training_plan_key) FROM stdin;
328	Warm Up	16	2	Push	{360}	1	seconds	L!WH(DJ?7:"C<`B!kN,0$GDeRU+r/DG&]b)54s5|8NkH]'CLZH
329	90 Degree Handstand Push Up	16	2	Push	{1,1,1,1,1}	2	reps	L!WH(DJ?7:"C<`B!kN,0$GDeRU+r/DG&]b)54s5|8NkH]'CLZH
330	Deep Dip +50kg	16	2	Push	{5,5,5,5,5}	3	reps	L!WH(DJ?7:"C<`B!kN,0$GDeRU+r/DG&]b)54s5|8NkH]'CLZH
331	Handstand Push Up	16	2	Push	{3,3,3}	4	reps	L!WH(DJ?7:"C<`B!kN,0$GDeRU+r/DG&]b)54s5|8NkH]'CLZH
332	Dip +75kg	16	2	Push	{4,4,4}	5	reps	L!WH(DJ?7:"C<`B!kN,0$GDeRU+r/DG&]b)54s5|8NkH]'CLZH
333	Dip +50kg	16	2	Push	{10,10,10,10,10}	6	reps	L!WH(DJ?7:"C<`B!kN,0$GDeRU+r/DG&]b)54s5|8NkH]'CLZH
334	Dip +30kg	16	2	Push	{15,15,15,15,15}	7	reps	L!WH(DJ?7:"C<`B!kN,0$GDeRU+r/DG&]b)54s5|8NkH]'CLZH
324	Pistol Squat +8kg	16	3	Legs	{2,2,2,2,2,2,2,2,2,2,2,2,2,2,2,2,2,2,2,2}	2	reps	&fb0.M>*YLB~IC#F_ItO|j#J[7I,9"[Suu1(^X~hpB:v]kQ*M6
323	Pistol Squat	16	3	Legs	{2,2,2,2,2}	1	reps	&fb0.M>*YLB~IC#F_ItO|j#J[7I,9"[Suu1(^X~hpB:v]kQ*M6
325	Lower Back Extension +25kg	16	3	Legs	{20,20,20,15}	3	reps	&fb0.M>*YLB~IC#F_ItO|j#J[7I,9"[Suu1(^X~hpB:v]kQ*M6
367	Front Lever	16	1	Pull	{0,0}	1	seconds	ZA.vt.wZ(gbc/LRyyrMTX3|9"*W:aZD0~{acLsx|EkUwDAJO[>
368	Muscle Up +20kg	16	1	Pull	{1,1,1}	2	reps	ZA.vt.wZ(gbc/LRyyrMTX3|9"*W:aZD0~{acLsx|EkUwDAJO[>
369	Muscle Up +16kg	16	1	Pull	{1,1,1,1,1,1,1,1,1,1}	3	reps	ZA.vt.wZ(gbc/LRyyrMTX3|9"*W:aZD0~{acLsx|EkUwDAJO[>
370	Muscle Up +10kg	16	1	Pull	{3,3,3,3,3}	4	reps	ZA.vt.wZ(gbc/LRyyrMTX3|9"*W:aZD0~{acLsx|EkUwDAJO[>
371	Pull Up +48kg	16	1	Pull	{2,2}	5	reps	ZA.vt.wZ(gbc/LRyyrMTX3|9"*W:aZD0~{acLsx|EkUwDAJO[>
372	Pull Up +32kg	16	1	Pull	{4,4,4,4,4,4,4,4}	6	reps	ZA.vt.wZ(gbc/LRyyrMTX3|9"*W:aZD0~{acLsx|EkUwDAJO[>
373	Chin Up +32kg	16	1	Pull	{4,4}	7	reps	ZA.vt.wZ(gbc/LRyyrMTX3|9"*W:aZD0~{acLsx|EkUwDAJO[>
374	Pull Up +10kg	16	1	Pull	{10,10}	8	reps	ZA.vt.wZ(gbc/LRyyrMTX3|9"*W:aZD0~{acLsx|EkUwDAJO[>
\.


--
-- Data for Name: app_transactions; Type: TABLE DATA; Schema: public; Owner: wesiq_admin
--

COPY public.app_transactions (id, stripe_intent_id, cardholder_name, amount, status, created_at, user_id) FROM stdin;
22	pi_3TH548QyU0Zy3VSn1dxbbMKG	Patrik Behul	5.00	succeeded	2026-03-31 16:18:05.308962+00	16
23	pi_3TH54dQyU0Zy3VSn1aWXo9x2	Test Test	1.00	succeeded	2026-03-31 16:18:35.969844+00	\N
24	pi_3TH5AhQyU0Zy3VSn1Mo4Uz35	Patrik Behul	2.00	succeeded	2026-03-31 16:24:51.986566+00	16
25	pi_3TH5GWQyU0Zy3VSn1K5eNHdc	Patrik Behul	5.00	succeeded	2026-03-31 16:30:53.07203+00	16
26	pi_3THh9qQyU0Zy3VSn1AYprxrt	Patrik Behul	5.00	succeeded	2026-04-02 08:58:30.249532+00	16
\.


--
-- Data for Name: app_users; Type: TABLE DATA; Schema: public; Owner: wesiq_admin
--

COPY public.app_users (id, first_name, last_name, email_address, phone_number, password, role, profile_picture_name, creation_time, last_edit, google_id, password_reset_code, blog_subscribe, followers, following, xp, account_status, last_login, language, verification_code) FROM stdin;
17	Alfonz	Arp├íd	arpadalfonz@gmail.com	0940282222	Alfonz	user	IMG-ce7e2b03b82c22540191.jpg	2025-11-09 19:17:30.537116+00	2025-11-10 17:01:33.858944+00	\N	\N	f	{}	{}	0	OK	\N	en	\N
67	TEST	TEST	nanuxnanuxnanux@gmail.com	+421940322633	pbkdf2_sha256$1200000$8DSfQFmqeWOmQebeo2eGm2$f8KeAff3Ys7WrN9k+K4BfGh10Rh0vugslnECS8cCPak=	user	\N	2026-03-26 18:29:43.056616+00	\N	\N	\N	f	{}	{}	0	OK	2026-03-26 18:37:35.42061+00	sk	\N
16	Patrik	Behul	behulpatrik@gmail.com	+421940322633	pbkdf2_sha256$1000000$IYay3OwUVH4dPn2NLqHh4r$txXYa7ecPezxb+EChhBhSkvny+5Yy3QAJE6iocBv8yQ=	user	IMG-5ac3f217c9974351fd4a.jpg	2025-10-30 10:50:43.157379+00	2025-10-30 16:43:23.932507+00	\N	018298	t	{}	{}	167	OK	2026-03-31 17:20:55.440235+00	en	\N
\.


--
-- Data for Name: auth_group; Type: TABLE DATA; Schema: public; Owner: wesiq_admin
--

COPY public.auth_group (id, name) FROM stdin;
\.


--
-- Data for Name: auth_group_permissions; Type: TABLE DATA; Schema: public; Owner: wesiq_admin
--

COPY public.auth_group_permissions (id, group_id, permission_id) FROM stdin;
\.


--
-- Data for Name: auth_permission; Type: TABLE DATA; Schema: public; Owner: wesiq_admin
--

COPY public.auth_permission (id, name, content_type_id, codename) FROM stdin;
1	Can add users	7	add_users
2	Can change users	7	change_users
3	Can delete users	7	delete_users
4	Can view users	7	view_users
5	Can add reviews	5	add_reviews
6	Can change reviews	5	change_reviews
7	Can delete reviews	5	delete_reviews
8	Can view reviews	5	view_reviews
9	Can add articles	3	add_articles
10	Can change articles	3	change_articles
11	Can delete articles	3	delete_articles
12	Can view articles	3	view_articles
13	Can add article forum	2	add_articleforum
14	Can change article forum	2	change_articleforum
15	Can delete article forum	2	delete_articleforum
16	Can view article forum	2	view_articleforum
17	Can add activity	1	add_activity
18	Can change activity	1	change_activity
19	Can delete activity	1	delete_activity
20	Can view activity	1	view_activity
21	Can add training plan	6	add_trainingplan
22	Can change training plan	6	change_trainingplan
23	Can delete training plan	6	delete_trainingplan
24	Can view training plan	6	view_trainingplan
25	Can add exercises	4	add_exercises
26	Can change exercises	4	change_exercises
27	Can delete exercises	4	delete_exercises
28	Can view exercises	4	view_exercises
29	Can add log entry	8	add_logentry
30	Can change log entry	8	change_logentry
31	Can delete log entry	8	delete_logentry
32	Can view log entry	8	view_logentry
33	Can add permission	10	add_permission
34	Can change permission	10	change_permission
35	Can delete permission	10	delete_permission
36	Can view permission	10	view_permission
37	Can add group	9	add_group
38	Can change group	9	change_group
39	Can delete group	9	delete_group
40	Can view group	9	view_group
41	Can add user	11	add_user
42	Can change user	11	change_user
43	Can delete user	11	delete_user
44	Can view user	11	view_user
45	Can add content type	12	add_contenttype
46	Can change content type	12	change_contenttype
47	Can delete content type	12	delete_contenttype
48	Can view content type	12	view_contenttype
49	Can add session	13	add_session
50	Can change session	13	change_session
51	Can delete session	13	delete_session
52	Can view session	13	view_session
53	Can add email address	14	add_emailaddress
54	Can change email address	14	change_emailaddress
55	Can delete email address	14	delete_emailaddress
56	Can view email address	14	view_emailaddress
57	Can add email confirmation	15	add_emailconfirmation
58	Can change email confirmation	15	change_emailconfirmation
59	Can delete email confirmation	15	delete_emailconfirmation
60	Can view email confirmation	15	view_emailconfirmation
61	Can add social account	16	add_socialaccount
62	Can change social account	16	change_socialaccount
63	Can delete social account	16	delete_socialaccount
64	Can view social account	16	view_socialaccount
65	Can add social application	17	add_socialapp
66	Can change social application	17	change_socialapp
67	Can delete social application	17	delete_socialapp
68	Can view social application	17	view_socialapp
69	Can add social application token	18	add_socialtoken
70	Can change social application token	18	change_socialtoken
71	Can delete social application token	18	delete_socialtoken
72	Can view social application token	18	view_socialtoken
81	Can add crontab	21	add_crontabschedule
82	Can change crontab	21	change_crontabschedule
83	Can delete crontab	21	delete_crontabschedule
84	Can view crontab	21	view_crontabschedule
85	Can add interval	22	add_intervalschedule
86	Can change interval	22	change_intervalschedule
87	Can delete interval	22	delete_intervalschedule
88	Can view interval	22	view_intervalschedule
89	Can add periodic task	23	add_periodictask
90	Can change periodic task	23	change_periodictask
91	Can delete periodic task	23	delete_periodictask
92	Can view periodic task	23	view_periodictask
93	Can add periodic task track	24	add_periodictasks
94	Can change periodic task track	24	change_periodictasks
95	Can delete periodic task track	24	delete_periodictasks
96	Can view periodic task track	24	view_periodictasks
97	Can add solar event	25	add_solarschedule
98	Can change solar event	25	change_solarschedule
99	Can delete solar event	25	delete_solarschedule
100	Can view solar event	25	view_solarschedule
101	Can add clocked	20	add_clockedschedule
102	Can change clocked	20	change_clockedschedule
103	Can delete clocked	20	delete_clockedschedule
104	Can view clocked	20	view_clockedschedule
105	Can add payment	26	add_payment
106	Can change payment	26	change_payment
107	Can delete payment	26	delete_payment
108	Can view payment	26	view_payment
117	Can add users	35	add_users
109	Can add payments	26	add_payments
110	Can change payments	26	change_payments
111	Can delete payments	26	delete_payments
112	Can view payments	26	view_payments
113	Can add transactions	27	add_transactions
114	Can change transactions	27	change_transactions
115	Can delete transactions	27	delete_transactions
116	Can view transactions	27	view_transactions
118	Can change users	35	change_users
119	Can delete users	35	delete_users
120	Can view users	35	view_users
121	Can add reviews	32	add_reviews
122	Can change reviews	32	change_reviews
123	Can delete reviews	32	delete_reviews
124	Can view reviews	32	view_reviews
125	Can add articles	30	add_articles
126	Can change articles	30	change_articles
127	Can delete articles	30	delete_articles
128	Can view articles	30	view_articles
129	Can add article forum	29	add_articleforum
130	Can change article forum	29	change_articleforum
131	Can delete article forum	29	delete_articleforum
132	Can view article forum	29	view_articleforum
133	Can add activity	28	add_activity
134	Can change activity	28	change_activity
135	Can delete activity	28	delete_activity
136	Can view activity	28	view_activity
137	Can add training plan	33	add_trainingplan
138	Can change training plan	33	change_trainingplan
139	Can delete training plan	33	delete_trainingplan
140	Can view training plan	33	view_trainingplan
141	Can add exercises	31	add_exercises
142	Can change exercises	31	change_exercises
143	Can delete exercises	31	delete_exercises
144	Can view exercises	31	view_exercises
145	Can add transactions	34	add_transactions
146	Can change transactions	34	change_transactions
147	Can delete transactions	34	delete_transactions
148	Can view transactions	34	view_transactions
\.


--
-- Data for Name: auth_user; Type: TABLE DATA; Schema: public; Owner: wesiq_admin
--

COPY public.auth_user (id, password, last_login, is_superuser, username, first_name, last_name, email, is_staff, is_active, date_joined) FROM stdin;
1	pbkdf2_sha256$1200000$qYVcQTfcplE1707TTFqxcX$CuKFDnnZRWhJ64IOTv0HoxwrQE4XaCFJ6lXF5/idhBo=	2026-04-02 09:30:17.68335+00	t	patrik_behul	Patrik	Behul	behulpatrik@gmail.com	t	t	2025-11-25 14:20:38+00
\.


--
-- Data for Name: auth_user_groups; Type: TABLE DATA; Schema: public; Owner: wesiq_admin
--

COPY public.auth_user_groups (id, user_id, group_id) FROM stdin;
\.


--
-- Data for Name: auth_user_user_permissions; Type: TABLE DATA; Schema: public; Owner: wesiq_admin
--

COPY public.auth_user_user_permissions (id, user_id, permission_id) FROM stdin;
\.


--
-- Data for Name: blog_activity; Type: TABLE DATA; Schema: public; Owner: wesiq_admin
--

COPY public.blog_activity (id, end_time, elapsed_time, gained_xp, user_id, formatted_elapsed_time, type, training_plan_day) FROM stdin;
44	2026-03-02 19:19:26.846116+00	1574	60	16	0h 26m 14s	Pull	\N
45	2026-03-02 19:20:08.831832+00	195	11	16	0h 03m 15s	\N	\N
46	2026-03-03 13:18:25.384391+00	654	35	16	0h 10m 54s	Push	\N
47	2026-03-05 19:41:09.274059+00	247	14	16	0h 04m 07s	Pull	\N
48	2026-03-05 19:42:50.442707+00	132	7	16	0h 02m 12s	Legs	3
49	2026-03-09 19:47:11.380579+00	23	1	16	0h 00m 23s	Pull	1
50	2026-03-10 08:33:08.528564+00	16	1	16	0h 00m 16s	\N	\N
51	2026-03-10 08:33:31.877067+00	152	8	16	0h 02m 32s	Push	2
52	2026-03-10 08:34:38.974452+00	15	1	16	0h 00m 15s	\N	\N
53	2026-03-10 08:36:05.329132+00	17	1	16	0h 00m 17s	\N	\N
\.


--
-- Data for Name: blog_articleforum; Type: TABLE DATA; Schema: public; Owner: wesiq_admin
--

COPY public.blog_articleforum (id, comment, likes, article_id, user_id, creation_time, parent_id, likes_from_users, reports, reports_from_users, status) FROM stdin;
12	Koment├ír 1	1	1	16	2025-12-11 17:44:21.461111+00	\N	{16}	1	{16}	OK
13	Koment├ír 2	1	1	16	2025-12-11 17:44:27.038847+00	\N	{16}	0	{}	OK
14	Odpove─Å 2	2	1	16	2025-12-11 17:44:32.82642+00	13	{16}	0	{}	OK
17	A	1	3	16	2026-02-18 14:59:05.819478+00	16	{16}	0	{}	OK
16	Test	0	3	16	2026-02-18 14:58:49.902032+00	\N	{}	0	{}	OK
15	Odpove─Å 1	0	1	16	2025-12-11 17:44:39.159392+00	12	{}	0	{}	OK
\.


--
-- Data for Name: blog_articles; Type: TABLE DATA; Schema: public; Owner: wesiq_admin
--

COPY public.blog_articles (id, title, content, rating, visitors, image_name, link, creation_time, categories, user_id) FROM stdin;
1	Front Lever	Lorem ipsum dolor sit amet consectetur adipisicing elit. Sed nihil sit maxime explicabo quod, aut, quae, magnam consectetur cupiditate error corrupti officiis voluptate. Iure quidem porro eius voluptates, incidunt alias.	4.2	11	front-lever.jpg	front-lever	2025-02-11 14:00:12.47661+00	{static,pull,advanced}	16
2	Stojka	Lorem ipsum dolor sit amet consectetur adipisicing elit. Sed nihil sit maxime explicabo quod, aut, quae, magnam consectetur cupiditate error corrupti officiis voluptate. Iure quidem porro eius voluptates, incidunt alias.	3.1	2	handstand.jpg	handstand	2025-11-28 14:00:12.47661+00	{balance,push,intermediate}	16
4	360	Lorem ipsum dolor sit amet consectetur adipisicing elit. Sed nihil sit maxime explicabo quod, aut, quae, magnam consectetur cupiditate error corrupti officiis voluptate. Iure quidem porro eius voluptates, incidunt alias.	4.4	9	swing-360.webp	swing-360	2025-08-13 14:00:12.47661+00	{dynamic,intermediate}	16
3	Zhyb na jednej ruke	Lorem ipsum dolor sit amet consectetur adipisicing elit. Sed nihil sit maxime explicabo quod, aut, quae, magnam consectetur cupiditate error corrupti officiis voluptate. Iure quidem porro eius voluptates, incidunt alias.	0	3	one-arm-pull-up.webp	one-arm-pull-up	2025-11-27 14:00:12.47661+00	{isotonic,pull,advanced}	16
\.


--
-- Data for Name: blog_exercises; Type: TABLE DATA; Schema: public; Owner: wesiq_admin
--

COPY public.blog_exercises (id, exercise, categories, unit, requires_weight) FROM stdin;
2	Push Up	{Push}	reps	f
1	Dip	{Push}	reps	f
0	Pull Up	{Pull}	reps	f
5	Pistol Squat	{Legs}	reps	f
9	Bar Dip	{}	reps	f
8	One Arm Push Up	{}	reps	f
7	One Arm Pull Up	{}	reps	f
12	Knee Push Up	{}	reps	f
11	Australian Pull Up	{}	reps	f
10	Korean Dip	{}	reps	f
13	Handstand Push Up	{}	reps	f
18	Scapular Pull Up	{}	reps	f
17	Lower Back Extension	{}	reps	f
14	Clap Push Up	{}	reps	f
21	Front Lever Press	{}	reps	f
20	Front Lever Pull Up	{}	reps	f
19	Chin Up	{}	reps	f
25	Pullover	{}	reps	f
29	Archer Push Up	{}	reps	f
28	Pike Push Up	{}	reps	f
26	Toes To Bar	{}	reps	f
30	Bulgarian Push Up	{}	reps	f
6	Handstand	{Balance,Push}	seconds	f
4	Front Lever	{Static,Pull}	seconds	f
22	Back Lever	{}	seconds	f
24	V-Sit	{}	seconds	f
23	L-Sit	{}	seconds	f
27	Hang On Bar	{}	seconds	f
31	90 Degree Handstand Push Up	{}	reps	f
3	Squat	{Legs}	reps	f
16	Bench Press	{}	reps	t
15	Deadlift	{}	reps	t
33	Incline Push Up	{}	reps	f
32	Decline Push Up	{}	reps	f
42	Planche Lean	{}	seconds	f
41	Advanced Tuck Front Lever	{}	seconds	f
40	Tuck Front Lever	{}	seconds	f
39	Straddle Front Lever	{}	seconds	f
38	Straddle Planche	{}	seconds	f
37	Tuck Planche	{}	seconds	f
36	Planche Push Up	{}	reps	f
35	Planche Press	{}	reps	f
34	Planche	{}	seconds	f
43	Advanced Tuck Planche	{}	seconds	f
47	Front Squat	{}	reps	t
46	Human Flag	{}	seconds	f
45	Dragon Flag	{}	seconds	f
44	Biceps Curl	{}	reps	t
50	Sissy Squat	{}	reps	f
49	Jump Squat	{}	reps	f
48	Bulgarian Split Squat	{}	reps	f
56	Dumbbell Pullover	{}	reps	t
55	Incline Dumbbell Bench Press	{}	reps	t
54	Bent Over Dumbbell Row	{}	reps	t
53	One Arm Dumbbell Row	{}	reps	t
52	Dumbbell Bench Press	{}	reps	t
51	Dumbbell Lateral Raise	{}	reps	t
65	Crunch	{}	reps	f
64	Sit Up	{}	reps	f
62	Dumbbell Flys	{}	reps	t
61	Tricep Extension	{}	reps	t
60	Military Press	{}	reps	t
59	Bent Over Dumbbell Reverse Fly	{}	reps	t
58	Bent Over Row	{}	reps	t
57	Dumbbell Stiff Leg Deadlift	{}	reps	t
63	Floor Leg Raise	{}	reps	f
72	Hanging Knee Raise	{}	reps	f
71	Rotating Mountain Climber	{}	reps	f
70	Russian Twist	{}	reps	f
69	Side Plank	{}	seconds	f
68	Hanging Leg Raise	{}	reps	f
67	Plank	{}	seconds	f
66	Cable Crunch	{}	reps	t
73	Muscle Up	{}	reps	f
77	Abdominal Rollouts	{}	reps	f
76	Abdominal Air Bike	{}	reps	f
75	Cable Hip Abduction	{}	reps	t
74	Hip Abduction Machine	{}	reps	t
81	Hanging Knee Twist Raise	{}	reps	f
80	Alternate Straight Leg Lower	{}	reps	f
79	Decline Bench Sit Up	{}	reps	f
78	Pallof Press	{}	reps	t
85	Standing Cable Crunch	{}	reps	t
84	Lying Floor Knee Tuck	{}	reps	f
83	Dead Bug	{}	reps	f
82	Pallof Press with Rotation	{}	reps	t
91	Standing Barbell Twist	{}	reps	t
90	Abominal Hip Thrust	{}	reps	f
89	Turkish Get Up	{}	reps	t
88	Wide Stance Cable Anti-Rotation	{}	reps	t
87	Standing Cable Crunch	{}	reps	t
86	Roman Chair Leg Raise	{}	reps	f
96	Standing Push Pull	{}	reps	t
95	Half Kneeling Pallof Press	{}	reps	t
94	Straight Leg Toe Touch	{}	reps	f
93	Decline Bench Leg Raise	{}	reps	f
92	Hollow Body Hold	{}	seconds	f
100	Frog Sit Up	{}	reps	f
98	Ipsilateral Bird Dog	{}	reps	f
97	Lying Alternate Heel Touches	{}	reps	f
99	L-Sit to Handstand Press	{}	reps	f
106	Zottman Curl	{}	reps	t
105	Barbell Curl	{}	reps	t
104	Hammer Curl	{}	reps	t
103	Dumbbell Curl	{}	reps	t
102	Cable Hip Adduction	{}	reps	t
101	Hip Adduction Machine	{}	reps	t
110	Concentration Curl	{}	reps	t
109	Cross Body Hammer Curl	{}	reps	t
108	EZ Bar Preacher Curl	{}	reps	t
107	Cable Curl	{}	reps	t
115	Alternating Seated Dumbbell Curl	{}	reps	t
114	Alternating Standing Dumbbell Curl	{}	reps	t
113	Cable Curl	{}	reps	t
112	Barbell Preacher Curl	{}	reps	t
111	EZ Bar Curl	{}	reps	t
120	Dumbbell Hammer Preacher Curl	{}	reps	t
119	Standing High Pulley Cable Curl	{}	reps	t
118	Spider Curl	{}	reps	t
117	Machine Bicep Curl	{}	reps	t
116	Standing Dumbbell Reverse Curl	{}	reps	t
123	Standing Dumbbell Drag Curl	{}	reps	t
122	Seated Hammer Curl	{}	reps	t
121	Seated Dumbbell Curl	{}	reps	t
127	Seated Barbell Curl	{}	reps	t
126	Seated Zottman Curl	{}	reps	t
125	Standing Dumbbell Drag Curl	{}	reps	t
124	Smith Machine Bicep Curl	{}	reps	t
135	One Arm Cable Curl	{}	reps	t
134	One Arm Seated Dumbbell Curl	{}	reps	t
133	Barbell Drag Curl	{}	reps	t
132	One Arm Standing Hammer Curl	{}	reps	t
131	Close Grip EZ Bar Curl	{}	reps	t
130	Cable Drag Curl	{}	reps	t
129	Squatting Cable Curl	{}	reps	t
128	Lying Cable Curl	{}	reps	t
140	Prone Incline Dumbbell Curl	{}	reps	t
139	Lying Dumbbell Curl	{}	reps	t
138	Barbell Concentration Curl	{}	reps	t
137	Lateral Pulldown Bicep Curl	{}	reps	t
136	One Arm Standing Dumbbell Curl	{}	reps	t
150	Incline Hammer Curl	{}	reps	t
149	Hammer Bar Curl	{}	reps	t
148	One Arm Dumbbell Hammer Preacher	{}	reps	t
147	Two Arm Low Pulley Cable Curl	{}	reps	t
146	One Arm Dumbbell Preacher Curl	{}	reps	t
145	Zottman Preacher Curl	{}	reps	t
144	Alternating Seated Hammer Curl	{}	reps	t
143	Incline Bench Dumbbell Curl	{}	reps	t
142	Lying Incline Bench Barbell Curl	{}	reps	t
141	Prone Incline Hammer Curl	{}	reps	t
155	Incline Bench Hammer Curl	{}	reps	t
154	Hammer Bar Preacher Curl	{}	reps	t
153	Alternating Standing Dumbbell Twisting Curls	{}	reps	t
152	Seated Cable Curl	{}	reps	t
151	Lying Wide Dumbbell Curl	{}	reps	t
161	Close Grip Standing Barbell Curl	{}	reps	t
160	Cable Preacher Curl	{}	reps	t
159	Wide Grip EZ Bar Curl	{}	reps	t
158	One Arm Dumbbell Hammer Preacher Curl	{}	reps	t
156	Close Grip Cable Curl	{}	reps	t
165	Incline Cable Bicep Curl	{}	reps	t
164	One Arm Prone Incline Dumbbell Curl	{}	reps	t
163	Alternating Dumbbell Preacher Curl	{}	reps	t
162	Cable Concentration Curl	{}	reps	t
168	One Arm Seated Hammer Curl	{}	reps	t
167	One Arm Prone Hammer Curl	{}	reps	t
166	Alternating Dumbbell Hammer Preacher Curl	{}	reps	t
170	Alternating Incline Hammer Curl	{}	reps	t
169	Lying High Pulley Close Grip Cable Curl	{}	reps	t
157	Bicep Curl Sled Drag	{}	steps	t
177	Seated Calf Raise	{}	reps	t
175	Lateral Kneeling Adductor Mobilization	{}	reps	t
174	Adductor Foam Rolling	{}	reps	t
173	Rocking Frog Stretch	{}	reps	f
172	Alternating Lateral Lunge with Overhead Reach	{}	reps	f
171	Deep Squat Prying	{}	reps	t
183	Alternating Single Leg Jump Rope	{}	seconds	f
182	45 Degree Toe Raise	{}	reps	t
181	Toes Out 45 Degree Calf Raise	{}	reps	t
180	Toes In 45 Degree Calf Raise	{}	reps	t
179	Calves Tiger Tail	{}	reps	f
178	Standing Machine Calf Raise	{}	reps	t
191	Double Jump on Jump Rope	{}	seconds	f
190	Donkey Calf Raise	{}	reps	t
189	Cable Calf Raise	{}	reps	t
188	Standing Calf Raise	{}	reps	f
187	Banded Tibialis Raise	{}	reps	t
186	Anterior Calf Tiger Tail	{}	reps	f
185	Anterior Calf Lacrosse Ball	{}	reps	f
184	Anterior Calf Foam Rolling	{}	reps	f
195	Knee Break Ankle Mobilization	{}	reps	f
194	Jump Rope	{}	seconds	f
193	Hack Squat Calf Raise	{}	reps	t
192	Front to Back on Jump Rope	{}	seconds	f
201	One Leg Seated Calf Raise	{}	reps	t
200	One Leg Hack Squat Calf Raise	{}	reps	t
199	One Leg Standing Calf Raise	{}	reps	f
198	One Leg Donkey Calf Raise	{}	reps	t
197	One Leg Cable Calf Raise	{}	reps	t
196	One Leg 45 Degree Calf Raise	{}	reps	t
205	One Leg Smith Machine Toe Raise	{}	reps	t
204	One Leg Smith Machine Seated Calf Raise	{}	reps	t
203	One Leg Smith Machine Calf Raise	{}	reps	t
202	One Leg Seated Dumbbell Calf Raise	{}	reps	t
176	45 Degree Leg Press Calf Raise	{}	reps	t
\.


--
-- Data for Name: blog_reviews; Type: TABLE DATA; Schema: public; Owner: wesiq_admin
--

COPY public.blog_reviews (id, rating, review, creation_time, user_id, last_edit) FROM stdin;
11	3	Okej	2025-10-30 10:54:18.638467+00	16	2026-03-14 08:19:52.67601+00
12	4		2025-11-09 19:41:17.37976+00	17	\N
10	5	Super!	2025-10-30 09:09:29.430907+00	\N	\N
\.


--
-- Data for Name: blog_trainingplan; Type: TABLE DATA; Schema: public; Owner: wesiq_admin
--

COPY public.blog_trainingplan (id, exercise, user_id, day, type, periods, "order", unit, training_plan_key) FROM stdin;
328	Warm Up	16	2	Push	{360}	1	seconds	L!WH(DJ?7:"C<`B!kN,0$GDeRU+r/DG&]b)54s5|8NkH]'CLZH
329	90 Degree Handstand Push Up	16	2	Push	{1,1,1,1,1}	2	reps	L!WH(DJ?7:"C<`B!kN,0$GDeRU+r/DG&]b)54s5|8NkH]'CLZH
330	Deep Dip +50kg	16	2	Push	{5,5,5,5,5}	3	reps	L!WH(DJ?7:"C<`B!kN,0$GDeRU+r/DG&]b)54s5|8NkH]'CLZH
331	Handstand Push Up	16	2	Push	{3,3,3}	4	reps	L!WH(DJ?7:"C<`B!kN,0$GDeRU+r/DG&]b)54s5|8NkH]'CLZH
332	Dip +75kg	16	2	Push	{4,4,4}	5	reps	L!WH(DJ?7:"C<`B!kN,0$GDeRU+r/DG&]b)54s5|8NkH]'CLZH
333	Dip +50kg	16	2	Push	{10,10,10,10,10}	6	reps	L!WH(DJ?7:"C<`B!kN,0$GDeRU+r/DG&]b)54s5|8NkH]'CLZH
334	Dip +30kg	16	2	Push	{15,15,15,15,15}	7	reps	L!WH(DJ?7:"C<`B!kN,0$GDeRU+r/DG&]b)54s5|8NkH]'CLZH
324	Pistol Squat +8kg	16	3	Legs	{2,2,2,2,2,2,2,2,2,2,2,2,2,2,2,2,2,2,2,2}	2	reps	&fb0.M>*YLB~IC#F_ItO|j#J[7I,9"[Suu1(^X~hpB:v]kQ*M6
323	Pistol Squat	16	3	Legs	{2,2,2,2,2}	1	reps	&fb0.M>*YLB~IC#F_ItO|j#J[7I,9"[Suu1(^X~hpB:v]kQ*M6
325	Lower Back Extension +25kg	16	3	Legs	{20,20,20,15}	3	reps	&fb0.M>*YLB~IC#F_ItO|j#J[7I,9"[Suu1(^X~hpB:v]kQ*M6
367	Front Lever	16	1	Pull	{0,0}	1	seconds	ZA.vt.wZ(gbc/LRyyrMTX3|9"*W:aZD0~{acLsx|EkUwDAJO[>
368	Muscle Up +20kg	16	1	Pull	{1,1,1}	2	reps	ZA.vt.wZ(gbc/LRyyrMTX3|9"*W:aZD0~{acLsx|EkUwDAJO[>
369	Muscle Up +16kg	16	1	Pull	{1,1,1,1,1,1,1,1,1,1}	3	reps	ZA.vt.wZ(gbc/LRyyrMTX3|9"*W:aZD0~{acLsx|EkUwDAJO[>
370	Muscle Up +10kg	16	1	Pull	{3,3,3,3,3}	4	reps	ZA.vt.wZ(gbc/LRyyrMTX3|9"*W:aZD0~{acLsx|EkUwDAJO[>
371	Pull Up +48kg	16	1	Pull	{2,2}	5	reps	ZA.vt.wZ(gbc/LRyyrMTX3|9"*W:aZD0~{acLsx|EkUwDAJO[>
372	Pull Up +32kg	16	1	Pull	{4,4,4,4,4,4,4,4}	6	reps	ZA.vt.wZ(gbc/LRyyrMTX3|9"*W:aZD0~{acLsx|EkUwDAJO[>
373	Chin Up +32kg	16	1	Pull	{4,4}	7	reps	ZA.vt.wZ(gbc/LRyyrMTX3|9"*W:aZD0~{acLsx|EkUwDAJO[>
374	Pull Up +10kg	16	1	Pull	{10,10}	8	reps	ZA.vt.wZ(gbc/LRyyrMTX3|9"*W:aZD0~{acLsx|EkUwDAJO[>
\.


--
-- Data for Name: blog_transactions; Type: TABLE DATA; Schema: public; Owner: wesiq_admin
--

COPY public.blog_transactions (id, stripe_intent_id, cardholder_name, amount, status, created_at, user_id) FROM stdin;
22	pi_3TH548QyU0Zy3VSn1dxbbMKG	Patrik Behul	5.00	succeeded	2026-03-31 16:18:05.308962+00	16
23	pi_3TH54dQyU0Zy3VSn1aWXo9x2	Test Test	1.00	succeeded	2026-03-31 16:18:35.969844+00	\N
24	pi_3TH5AhQyU0Zy3VSn1Mo4Uz35	Patrik Behul	2.00	succeeded	2026-03-31 16:24:51.986566+00	16
25	pi_3TH5GWQyU0Zy3VSn1K5eNHdc	Patrik Behul	5.00	succeeded	2026-03-31 16:30:53.07203+00	16
26	pi_3THh9qQyU0Zy3VSn1AYprxrt	Patrik Behul	5.00	succeeded	2026-04-02 08:58:30.249532+00	16
\.


--
-- Data for Name: blog_users; Type: TABLE DATA; Schema: public; Owner: wesiq_admin
--

COPY public.blog_users (id, first_name, last_name, email_address, phone_number, password, role, profile_picture_name, creation_time, last_edit, google_id, password_reset_code, blog_subscribe, followers, following, xp, account_status, last_login, language, verification_code) FROM stdin;
17	Alfonz	Arp├íd	arpadalfonz@gmail.com	0940282222	Alfonz	user	IMG-ce7e2b03b82c22540191.jpg	2025-11-09 19:17:30.537116+00	2025-11-10 17:01:33.858944+00	\N	\N	f	{}	{}	0	OK	\N	en	\N
67	TEST	TEST	nanuxnanuxnanux@gmail.com	+421940322633	pbkdf2_sha256$1200000$8DSfQFmqeWOmQebeo2eGm2$f8KeAff3Ys7WrN9k+K4BfGh10Rh0vugslnECS8cCPak=	user	\N	2026-03-26 18:29:43.056616+00	\N	\N	\N	f	{}	{}	0	OK	2026-03-26 18:37:35.42061+00	sk	\N
16	Patrik	Behul	behulpatrik@gmail.com	+421940322633	pbkdf2_sha256$1000000$IYay3OwUVH4dPn2NLqHh4r$txXYa7ecPezxb+EChhBhSkvny+5Yy3QAJE6iocBv8yQ=	user	IMG-5ac3f217c9974351fd4a.jpg	2025-10-30 10:50:43.157379+00	2025-10-30 16:43:23.932507+00	\N	018298	t	{}	{}	167	OK	2026-03-31 17:20:55.440235+00	en	\N
\.


--
-- Data for Name: django_admin_log; Type: TABLE DATA; Schema: public; Owner: wesiq_admin
--

COPY public.django_admin_log (id, action_time, object_id, object_repr, action_flag, change_message, content_type_id, user_id) FROM stdin;
1	2025-11-25 14:28:18.817093+00	1	Google OAuth 2.0	1	[{"added": {}}]	13	1
2	2025-11-25 19:40:26.241295+00	1	127.0.0.1:8000	2	[{"changed": {"fields": ["Domain name", "Display name"]}}]	9	1
3	2025-11-25 19:41:17.960934+00	1	Google OAuth 2.0	2	[]	13	1
4	2026-03-11 07:36:43.466778+00	1	patrik_behul	2	[{"changed": {"fields": ["First name", "Last name"]}}]	5	1
5	2026-03-21 07:38:33.040369+00	2	0 3 1 * * (m/h/dM/MY/d) Europe/Bratislava	1	[{"added": {}}]	21	1
6	2026-03-21 07:40:01.590032+00	2	Cleanup Users: 0 3 1 * * (m/h/dM/MY/d) Europe/Bratislava	1	[{"added": {}}]	23	1
7	2026-03-21 07:43:41.720813+00	2	* * * * * (m/h/dM/MY/d) Europe/Bratislava	2	[{"changed": {"fields": ["Minute(s)", "Hour(s)", "Day(s) Of The Month"]}}]	21	1
8	2026-03-21 07:48:29.12822+00	2	0 3 1 * * (m/h/dM/MY/d) Europe/Bratislava	2	[{"changed": {"fields": ["Minute(s)", "Hour(s)", "Day(s) Of The Month"]}}]	21	1
9	2026-03-21 09:39:28.230158+00	2	* * * * * (m/h/dM/MY/d) Europe/Bratislava	2	[{"changed": {"fields": ["Minute(s)", "Hour(s)", "Day(s) Of The Month"]}}]	21	1
10	2026-03-21 10:00:14.463832+00	2	0 3 1 * * (m/h/dM/MY/d) Europe/Bratislava	2	[{"changed": {"fields": ["Minute(s)", "Hour(s)", "Day(s) Of The Month"]}}]	21	1
11	2026-03-21 10:09:54.354472+00	2	* * * * * (m/h/dM/MY/d) Europe/Bratislava	2	[{"changed": {"fields": ["Minute(s)", "Hour(s)", "Day(s) Of The Month"]}}]	21	1
12	2026-03-21 10:17:13.376174+00	2	0 3 1 * * (m/h/dM/MY/d) Europe/Bratislava	2	[{"changed": {"fields": ["Minute(s)", "Hour(s)", "Day(s) Of The Month"]}}]	21	1
13	2026-03-21 10:28:40.147607+00	2	* * * * * (m/h/dM/MY/d) Europe/Bratislava	2	[{"changed": {"fields": ["Minute(s)", "Hour(s)", "Day(s) Of The Month"]}}]	21	1
14	2026-03-21 10:41:05.86962+00	2	0 3 1 * * (m/h/dM/MY/d) Europe/Bratislava	2	[{"changed": {"fields": ["Minute(s)", "Hour(s)", "Day(s) Of The Month"]}}]	21	1
15	2026-03-21 11:45:32.259351+00	2	* * * * * (m/h/dM/MY/d) Europe/Bratislava	2	[{"changed": {"fields": ["Minute(s)", "Hour(s)", "Day(s) Of The Month"]}}]	21	1
16	2026-03-21 12:03:47.697689+00	2	0 3 1 * * (m/h/dM/MY/d) Europe/Bratislava	2	[{"changed": {"fields": ["Minute(s)", "Hour(s)", "Day(s) Of The Month"]}}]	21	1
17	2026-03-21 14:50:40.270888+00	2	* * * * * (m/h/dM/MY/d) Europe/Bratislava	2	[{"changed": {"fields": ["Minute(s)", "Hour(s)", "Day(s) Of The Month"]}}]	21	1
18	2026-03-21 14:54:31.539954+00	2	0 3 1 * * (m/h/dM/MY/d) Europe/Bratislava	2	[{"changed": {"fields": ["Minute(s)", "Hour(s)", "Day(s) Of The Month"]}}]	21	1
19	2026-03-21 16:47:33.422076+00	2	* * * * * (m/h/dM/MY/d) Europe/Bratislava	2	[{"changed": {"fields": ["Minute(s)", "Hour(s)", "Day(s) Of The Month"]}}]	21	1
20	2026-03-21 16:55:19.210271+00	2	0 3 1 * * (m/h/dM/MY/d) Europe/Bratislava	2	[{"changed": {"fields": ["Minute(s)", "Hour(s)", "Day(s) Of The Month"]}}]	21	1
21	2026-03-24 19:56:16.521814+00	3	0 1 * * 1 (m/h/dM/MY/d) Europe/Bratislava	1	[{"added": {}}]	21	1
22	2026-03-24 19:57:55.250012+00	3	Weekly Report: 0 1 * * 1 (m/h/dM/MY/d) Europe/Bratislava	1	[{"added": {}}]	23	1
23	2026-03-25 16:57:33.544197+00	2	* * * * * (m/h/dM/MY/d) Europe/Bratislava	2	[{"changed": {"fields": ["Minute(s)", "Hour(s)", "Day(s) Of The Month"]}}]	21	1
24	2026-03-25 16:58:09.318756+00	2	0 3 1 * * (m/h/dM/MY/d) Europe/Bratislava	2	[{"changed": {"fields": ["Minute(s)", "Hour(s)", "Day(s) Of The Month"]}}]	21	1
25	2026-03-25 19:26:42.596236+00	4	0 0 * * * (m/h/dM/MY/d) Europe/Bratislava	1	[{"added": {}}]	21	1
26	2026-03-25 19:27:31.785121+00	4	0 0 * * * (m/h/dM/MY/d) Europe/Bratislava	2	[]	21	1
27	2026-03-25 19:28:11.736256+00	4	Cleanup Unverified Users: 0 0 * * * (m/h/dM/MY/d) Europe/Bratislava	1	[{"added": {}}]	23	1
28	2026-03-25 19:29:30.406486+00	2	Cleanup Suspended Users: 0 3 1 * * (m/h/dM/MY/d) Europe/Bratislava	2	[{"changed": {"fields": ["Name", "Task (registered)", "Task (custom)"]}}]	23	1
29	2026-03-25 19:36:25.791811+00	4	* * * * * (m/h/dM/MY/d) Europe/Bratislava	2	[{"changed": {"fields": ["Minute(s)", "Hour(s)"]}}]	21	1
30	2026-03-25 19:38:10.188557+00	4	0 0 * * * (m/h/dM/MY/d) Europe/Bratislava	2	[{"changed": {"fields": ["Minute(s)", "Hour(s)"]}}]	21	1
31	2026-03-28 13:12:49.553273+00	5	10 * * * * (m/h/dM/MY/d) Europe/Bratislava	1	[{"added": {}}]	21	1
32	2026-03-28 13:17:04.6224+00	5	10 * * * * (m/h/dM/MY/d) Europe/Bratislava	3		21	1
33	2026-03-28 13:17:53.619576+00	1	every 10 minutes	1	[{"added": {}}]	22	1
34	2026-03-28 13:18:44.135633+00	5	pagesWarmUp: every 10 minutes	1	[{"added": {}}]	23	1
35	2026-03-28 13:18:57.89492+00	5	Pages Warm Up: every 10 minutes	2	[{"changed": {"fields": ["Name"]}}]	23	1
36	2026-03-28 13:19:17.568748+00	5	Pages Warm Up: every 10 minutes	2	[{"changed": {"fields": ["Task (registered)"]}}]	23	1
37	2026-03-28 13:19:26.64847+00	4	Cleanup Unverified Users: 0 0 * * * (m/h/dM/MY/d) Europe/Bratislava	2	[]	23	1
38	2026-03-28 13:19:31.121045+00	5	Pages Warm Up: every 10 minutes	2	[]	23	1
39	2026-03-28 14:14:25.497891+00	176	Exercises object (176)	2	[{"changed": {"fields": ["Exercise", "Categories"]}}]	4	1
40	2026-03-28 14:17:22.693621+00	176	Exercises object (176)	2	[{"changed": {"fields": ["Exercise"]}}]	4	1
41	2026-03-28 14:17:57.50751+00	176	Exercises object (176)	2	[{"changed": {"fields": ["Exercise"]}}]	4	1
42	2026-03-28 14:35:35.397023+00	1	every 10 minutes	2	[]	22	1
43	2026-03-28 14:35:41.071495+00	2	every 600 seconds	3		22	1
44	2026-03-28 14:35:49.719892+00	5	Pages Warm Up: every 10 minutes	2	[]	23	1
45	2026-03-28 15:12:57.578826+00	5	Models Warm Up: every 10 minutes	2	[{"changed": {"fields": ["Name", "Task (registered)", "Task (custom)"]}}]	23	1
46	2026-03-28 15:13:36.067303+00	7	models_warm_up_every_10_minutes: */10 * * * * (m/h/dM/MY/d) Europe/Bratislava	2	[{"changed": {"fields": ["Name"]}}]	23	1
47	2026-03-28 15:13:51.272262+00	7	models_warm_up_every_10_minutes: */10 * * * * (m/h/dM/MY/d) Europe/Bratislava	2	[{"changed": {"fields": ["Task (registered)", "Task (custom)"]}}]	23	1
48	2026-03-28 15:15:12.705443+00	5	Models Warm Up: every 10 minutes	3		23	1
49	2026-03-28 15:15:21.146065+00	1	every 10 minutes	3		22	1
\.


--
-- Data for Name: django_celery_beat_clockedschedule; Type: TABLE DATA; Schema: public; Owner: wesiq_admin
--

COPY public.django_celery_beat_clockedschedule (id, clocked_time) FROM stdin;
\.


--
-- Data for Name: django_celery_beat_crontabschedule; Type: TABLE DATA; Schema: public; Owner: wesiq_admin
--

COPY public.django_celery_beat_crontabschedule (id, minute, hour, day_of_week, day_of_month, month_of_year, timezone) FROM stdin;
1	0	4	*	*	*	Europe/Bratislava
3	0	1	1	*	*	Europe/Bratislava
6	*/10	*	*	*	*	Europe/Bratislava
2	0	3	*	1	*	Europe/Bratislava
4	0	0	*	*	*	Europe/Bratislava
\.


--
-- Data for Name: django_celery_beat_intervalschedule; Type: TABLE DATA; Schema: public; Owner: wesiq_admin
--

COPY public.django_celery_beat_intervalschedule (id, every, period) FROM stdin;
\.


--
-- Data for Name: django_celery_beat_periodictask; Type: TABLE DATA; Schema: public; Owner: wesiq_admin
--

COPY public.django_celery_beat_periodictask (id, name, task, args, kwargs, queue, exchange, routing_key, expires, enabled, last_run_at, total_run_count, date_changed, description, crontab_id, interval_id, solar_id, one_off, start_time, priority, headers, clocked_id, expire_seconds) FROM stdin;
4	Cleanup Unverified Users	blog.tasks.cleanupUnverifiedUsers	[]	{}	\N	\N	\N	\N	t	2026-03-27 21:01:44.109999+00	4	2026-03-28 13:19:26.643388+00		4	\N	\N	f	\N	\N	{}	\N	\N
1	celery.backend_cleanup	celery.backend_cleanup	[]	{}	\N	\N	\N	\N	t	\N	0	2026-04-02 15:10:56.540062+00		1	\N	\N	f	\N	\N	{}	\N	43200
7	models_warm_up_every_10_minutes	app.tasks.modelsWarmUp	[]	{}	\N	\N	\N	\N	t	2026-04-02 15:20:00.002457+00	187	2026-04-02 15:21:00.196826+00		6	\N	\N	f	\N	\N	{}	\N	\N
3	Weekly Report	blog.tasks.weeklyReport	[]	{}	\N	\N	\N	\N	t	\N	0	2026-03-24 19:57:55.243313+00		3	\N	\N	f	\N	\N	{}	\N	\N
2	Cleanup Suspended Users	blog.tasks.cleanupSuspendedUsers	[]	{}	\N	\N	\N	\N	t	2026-03-25 16:58:00.004201+00	86	2026-03-25 19:29:30.400158+00		2	\N	\N	f	\N	\N	{}	\N	\N
\.


--
-- Data for Name: django_celery_beat_periodictasks; Type: TABLE DATA; Schema: public; Owner: wesiq_admin
--

COPY public.django_celery_beat_periodictasks (ident, last_update) FROM stdin;
1	2026-04-02 15:10:56.58373+00
\.


--
-- Data for Name: django_celery_beat_solarschedule; Type: TABLE DATA; Schema: public; Owner: wesiq_admin
--

COPY public.django_celery_beat_solarschedule (id, event, latitude, longitude) FROM stdin;
\.


--
-- Data for Name: django_content_type; Type: TABLE DATA; Schema: public; Owner: wesiq_admin
--

COPY public.django_content_type (id, app_label, model) FROM stdin;
1	blog	activity
2	blog	articleforum
3	blog	articles
4	blog	exercises
5	blog	reviews
6	blog	trainingplan
7	blog	users
8	admin	logentry
9	auth	group
10	auth	permission
11	auth	user
12	contenttypes	contenttype
13	sessions	session
14	account	emailaddress
15	account	emailconfirmation
16	socialaccount	socialaccount
17	socialaccount	socialapp
18	socialaccount	socialtoken
20	django_celery_beat	clockedschedule
21	django_celery_beat	crontabschedule
22	django_celery_beat	intervalschedule
23	django_celery_beat	periodictask
24	django_celery_beat	periodictasks
25	django_celery_beat	solarschedule
26	blog	payments
27	blog	transactions
28	app	activity
29	app	articleforum
30	app	articles
31	app	exercises
32	app	reviews
33	app	trainingplan
34	app	transactions
35	app	users
\.


--
-- Data for Name: django_migrations; Type: TABLE DATA; Schema: public; Owner: wesiq_admin
--

COPY public.django_migrations (id, app, name, applied) FROM stdin;
1	contenttypes	0001_initial	2026-03-18 17:07:47.672439+00
2	auth	0001_initial	2026-03-18 17:07:47.74196+00
3	account	0001_initial	2026-03-18 17:07:47.77662+00
4	account	0002_email_max_length	2026-03-18 17:07:47.791162+00
5	account	0003_alter_emailaddress_create_unique_verified_email	2026-03-18 17:07:47.809325+00
6	account	0004_alter_emailaddress_drop_unique_email	2026-03-18 17:07:47.837731+00
7	account	0005_emailaddress_idx_upper_email	2026-03-18 17:07:47.850433+00
8	account	0006_emailaddress_lower	2026-03-18 17:07:47.866284+00
9	account	0007_emailaddress_idx_email	2026-03-18 17:07:47.884838+00
10	account	0008_emailaddress_unique_primary_email_fixup	2026-03-18 17:07:47.897352+00
11	account	0009_emailaddress_unique_primary_email	2026-03-18 17:07:47.907703+00
12	admin	0001_initial	2026-03-18 17:07:47.929656+00
13	admin	0002_logentry_remove_auto_add	2026-03-18 17:07:47.938114+00
14	admin	0003_logentry_add_action_flag_choices	2026-03-18 17:07:47.946693+00
15	contenttypes	0002_remove_content_type_name	2026-03-18 17:07:47.964208+00
16	auth	0002_alter_permission_name_max_length	2026-03-18 17:07:47.973425+00
17	auth	0003_alter_user_email_max_length	2026-03-18 17:07:47.9837+00
18	auth	0004_alter_user_username_opts	2026-03-18 17:07:47.990751+00
19	auth	0005_alter_user_last_login_null	2026-03-18 17:07:48.000253+00
20	auth	0006_require_contenttypes_0002	2026-03-18 17:07:48.002097+00
21	auth	0007_alter_validators_add_error_messages	2026-03-18 17:07:48.010952+00
22	auth	0008_alter_user_username_max_length	2026-03-18 17:07:48.024017+00
23	auth	0009_alter_user_last_name_max_length	2026-03-18 17:07:48.034305+00
24	auth	0010_alter_group_name_max_length	2026-03-18 17:07:48.049104+00
25	auth	0011_update_proxy_permissions	2026-03-18 17:07:48.057592+00
26	auth	0012_alter_user_first_name_max_length	2026-03-18 17:07:48.067281+00
27	blog	0001_initial	2026-03-18 17:07:48.075112+00
28	blog	0002_rename_users_swzilinausers	2026-03-18 17:07:48.088528+00
29	blog	0003_rename_swzilinausers_users	2026-03-18 17:07:48.100489+00
30	blog	0004_users_profile_picture_name	2026-03-18 17:07:48.105345+00
31	blog	0005_users_profile_picture	2026-03-18 17:07:48.109983+00
32	blog	0006_remove_users_profile_picture_and_more	2026-03-18 17:07:48.115742+00
33	blog	0007_reviews	2026-03-18 17:07:48.129406+00
34	blog	0008_alter_reviews_user	2026-03-18 17:07:48.132773+00
35	blog	0009_alter_reviews_user	2026-03-18 17:07:48.148691+00
36	blog	0010_users_creation_time_users_last_edit	2026-03-18 17:07:48.161703+00
37	blog	0011_reviews_last_edit_alter_reviews_creation_time_and_more	2026-03-18 17:07:48.175418+00
38	blog	0012_users_google_id	2026-03-18 17:07:48.181557+00
39	blog	0013_users_password_reset_code	2026-03-18 17:07:48.187352+00
40	blog	0014_articles	2026-03-18 17:07:48.198881+00
41	blog	0015_alter_articles_rating	2026-03-18 17:07:48.209314+00
42	blog	0016_articles_url	2026-03-18 17:07:48.215909+00
43	blog	0017_alter_articles_url	2026-03-18 17:07:48.220393+00
44	blog	0018_articles_image_name	2026-03-18 17:07:48.225947+00
45	blog	0019_remove_articles_url_articles_link	2026-03-18 17:07:48.234868+00
46	blog	0020_alter_articles_link	2026-03-18 17:07:48.240285+00
47	blog	0021_articles_creation_time	2026-03-18 17:07:48.247034+00
48	blog	0022_remove_articles_category_articles_categories	2026-03-18 17:07:48.256005+00
49	blog	0023_alter_articles_categories	2026-03-18 17:07:48.262912+00
50	blog	0024_articles_user	2026-03-18 17:07:48.274542+00
51	blog	0025_alter_articles_user	2026-03-18 17:07:48.279904+00
52	blog	0026_users_blog_subscribe	2026-03-18 17:07:48.289775+00
53	blog	0027_alter_articles_visitors_articleforum	2026-03-18 17:07:48.312685+00
54	blog	0028_articleforum_creation_time_articleforum_reply_and_more	2026-03-18 17:07:48.33563+00
55	blog	0029_rename_reply_articleforum_parent	2026-03-18 17:07:48.356834+00
56	blog	0030_articleforum_likes_from_users	2026-03-18 17:07:48.3661+00
57	blog	0031_articleforum_reports_articleforum_reports_from_users_and_more	2026-03-18 17:07:48.388384+00
58	blog	0032_users_followers_users_following	2026-03-18 17:07:48.40835+00
59	blog	0033_users_xp	2026-03-18 17:07:48.418951+00
60	blog	0034_activity	2026-03-18 17:07:48.435679+00
61	blog	0035_activity_formatted_elapsed_time	2026-03-18 17:07:48.44496+00
62	blog	0036_trainingplan	2026-03-18 17:07:48.463645+00
63	blog	0037_trainingplan_day_trainingplan_type_and_more	2026-03-18 17:07:48.492096+00
64	blog	0038_alter_trainingplan_day_alter_trainingplan_type	2026-03-18 17:07:48.506332+00
65	blog	0039_remove_trainingplan_reps_remove_trainingplan_sets_and_more	2026-03-18 17:07:48.564959+00
66	blog	0040_alter_trainingplan_day	2026-03-18 17:07:48.572728+00
67	blog	0041_trainingplan_order	2026-03-18 17:07:48.581679+00
68	blog	0042_alter_trainingplan_day	2026-03-18 17:07:48.595141+00
69	blog	0043_activity_type_alter_trainingplan_type	2026-03-18 17:07:48.610451+00
70	blog	0044_activity_day_alter_trainingplan_day	2026-03-18 17:07:48.622934+00
71	blog	0045_remove_activity_day	2026-03-18 17:07:48.632501+00
72	blog	0046_exercises	2026-03-18 17:07:48.639767+00
73	blog	0047_alter_trainingplan_day	2026-03-18 17:07:48.646534+00
74	blog	0048_exercises_unit	2026-03-18 17:07:48.652005+00
75	blog	0049_trainingplan_unit	2026-03-18 17:07:48.662208+00
76	blog	0050_exercises_requires_weight	2026-03-18 17:07:48.667449+00
77	blog	0051_trainingplan_training_plan_key	2026-03-18 17:07:48.677049+00
78	blog	0052_alter_exercises_unit_alter_trainingplan_unit	2026-03-18 17:07:48.686492+00
79	blog	0053_users_account_status	2026-03-18 17:07:48.6955+00
80	blog	0054_users_last_login	2026-03-18 17:07:48.703538+00
81	blog	0055_activity_day_alter_users_last_login	2026-03-18 17:07:48.718189+00
82	blog	0056_rename_day_activity_training_plan_day	2026-03-18 17:07:48.725739+00
83	blog	0057_alter_articleforum_likes_from_users_and_more	2026-03-18 17:07:48.828354+00
84	sessions	0001_initial	2026-03-18 17:07:48.843081+00
85	socialaccount	0001_initial	2026-03-18 17:07:48.89844+00
86	socialaccount	0002_token_max_lengths	2026-03-18 17:07:48.915695+00
87	socialaccount	0003_extra_data_default_dict	2026-03-18 17:07:48.926636+00
88	socialaccount	0004_app_provider_id_settings	2026-03-18 17:07:48.946756+00
89	socialaccount	0005_socialtoken_nullable_app	2026-03-18 17:07:48.966817+00
90	socialaccount	0006_alter_socialaccount_extra_data	2026-03-18 17:07:48.98358+00
92	django_celery_beat	0001_initial	2026-03-21 07:35:37.980736+00
93	django_celery_beat	0002_auto_20161118_0346	2026-03-21 07:35:37.999667+00
94	django_celery_beat	0003_auto_20161209_0049	2026-03-21 07:35:38.011491+00
95	django_celery_beat	0004_auto_20170221_0000	2026-03-21 07:35:38.016899+00
96	django_celery_beat	0005_add_solarschedule_events_choices	2026-03-21 07:35:38.023253+00
97	django_celery_beat	0006_auto_20180322_0932	2026-03-21 07:35:38.068682+00
98	django_celery_beat	0007_auto_20180521_0826	2026-03-21 07:35:38.090637+00
99	django_celery_beat	0008_auto_20180914_1922	2026-03-21 07:35:38.124383+00
100	django_celery_beat	0006_auto_20180210_1226	2026-03-21 07:35:38.149229+00
101	django_celery_beat	0006_periodictask_priority	2026-03-21 07:35:38.1605+00
102	django_celery_beat	0009_periodictask_headers	2026-03-21 07:35:38.172844+00
103	django_celery_beat	0010_auto_20190429_0326	2026-03-21 07:35:38.392795+00
104	django_celery_beat	0011_auto_20190508_0153	2026-03-21 07:35:38.411588+00
105	django_celery_beat	0012_periodictask_expire_seconds	2026-03-21 07:35:38.423796+00
106	django_celery_beat	0013_auto_20200609_0727	2026-03-21 07:35:38.43779+00
107	django_celery_beat	0014_remove_clockedschedule_enabled	2026-03-21 07:35:38.444309+00
108	django_celery_beat	0015_edit_solarschedule_events_choices	2026-03-21 07:35:38.450426+00
109	django_celery_beat	0016_alter_crontabschedule_timezone	2026-03-21 07:35:38.461647+00
110	django_celery_beat	0017_alter_crontabschedule_month_of_year	2026-03-21 07:35:38.470709+00
111	django_celery_beat	0018_improve_crontab_helptext	2026-03-21 07:35:38.48231+00
112	django_celery_beat	0019_alter_periodictasks_options	2026-03-21 07:35:38.486557+00
113	blog	0058_users_language	2026-03-22 19:08:53.77985+00
114	blog	0059_alter_users_language	2026-03-22 19:09:56.617013+00
115	blog	0060_alter_users_language	2026-03-22 19:15:25.952667+00
116	blog	0061_users_verification_code_alter_users_account_status	2026-03-25 18:31:46.559883+00
117	blog	0062_alter_users_last_login	2026-03-25 19:19:23.148012+00
118	blog	0063_payment	2026-03-30 12:42:30.006229+00
119	blog	0064_rename_payment_payments	2026-03-30 12:43:12.790839+00
120	blog	0065_transactions_delete_payments	2026-03-30 16:09:05.178727+00
121	blog	0066_transactions_user	2026-03-30 16:15:02.266653+00
122	blog	0067_alter_transactions_stripe_intent_id	2026-03-30 16:16:00.610852+00
123	blog	0068_alter_transactions_stripe_intent_id	2026-03-30 16:19:18.536511+00
124	app	0001_initial	2026-04-02 12:27:59.532189+00
125	app	0002_rename_users_swzilinausers	2026-04-02 12:27:59.563289+00
126	app	0003_rename_swzilinausers_users	2026-04-02 12:27:59.588416+00
127	app	0004_users_profile_picture_name	2026-04-02 12:27:59.593814+00
128	app	0005_users_profile_picture	2026-04-02 12:27:59.59914+00
129	app	0006_remove_users_profile_picture_and_more	2026-04-02 12:27:59.609134+00
130	app	0007_reviews	2026-04-02 12:27:59.627758+00
131	app	0008_alter_reviews_user	2026-04-02 12:27:59.632069+00
132	app	0009_alter_reviews_user	2026-04-02 12:27:59.66728+00
133	app	0010_users_creation_time_users_last_edit	2026-04-02 12:27:59.68049+00
134	app	0011_reviews_last_edit_alter_reviews_creation_time_and_more	2026-04-02 12:27:59.695539+00
135	app	0012_users_google_id	2026-04-02 12:27:59.701454+00
136	app	0013_users_password_reset_code	2026-04-02 12:27:59.707835+00
137	app	0014_articles	2026-04-02 12:27:59.717402+00
138	app	0015_alter_articles_rating	2026-04-02 12:27:59.729762+00
139	app	0016_articles_url	2026-04-02 12:27:59.737094+00
140	app	0017_alter_articles_url	2026-04-02 12:27:59.740326+00
141	app	0018_articles_image_name	2026-04-02 12:27:59.745755+00
142	app	0019_remove_articles_url_articles_link	2026-04-02 12:27:59.753249+00
143	app	0020_alter_articles_link	2026-04-02 12:27:59.758161+00
144	app	0021_articles_creation_time	2026-04-02 12:27:59.764207+00
145	app	0022_remove_articles_category_articles_categories	2026-04-02 12:27:59.772234+00
146	app	0023_alter_articles_categories	2026-04-02 12:27:59.777874+00
147	app	0024_articles_user	2026-04-02 12:27:59.788416+00
148	app	0025_alter_articles_user	2026-04-02 12:27:59.793401+00
149	app	0026_users_blog_subscribe	2026-04-02 12:27:59.801459+00
150	app	0027_alter_articles_visitors_articleforum	2026-04-02 12:27:59.822441+00
151	app	0028_articleforum_creation_time_articleforum_reply_and_more	2026-04-02 12:27:59.84678+00
152	app	0029_rename_reply_articleforum_parent	2026-04-02 12:27:59.866496+00
153	app	0030_articleforum_likes_from_users	2026-04-02 12:27:59.87469+00
154	app	0031_articleforum_reports_articleforum_reports_from_users_and_more	2026-04-02 12:27:59.895995+00
155	app	0032_users_followers_users_following	2026-04-02 12:27:59.912943+00
156	app	0033_users_xp	2026-04-02 12:27:59.926109+00
157	app	0034_activity	2026-04-02 12:27:59.942161+00
158	app	0035_activity_formatted_elapsed_time	2026-04-02 12:27:59.952604+00
159	app	0036_trainingplan	2026-04-02 12:27:59.96907+00
160	app	0037_trainingplan_day_trainingplan_type_and_more	2026-04-02 12:28:00.033373+00
161	app	0038_alter_trainingplan_day_alter_trainingplan_type	2026-04-02 12:28:00.046326+00
162	app	0039_remove_trainingplan_reps_remove_trainingplan_sets_and_more	2026-04-02 12:28:00.069916+00
163	app	0040_alter_trainingplan_day	2026-04-02 12:28:00.080227+00
164	app	0041_trainingplan_order	2026-04-02 12:28:00.090385+00
165	app	0042_alter_trainingplan_day	2026-04-02 12:28:00.105181+00
166	app	0043_activity_type_alter_trainingplan_type	2026-04-02 12:28:00.122933+00
167	app	0044_activity_day_alter_trainingplan_day	2026-04-02 12:28:00.136541+00
168	app	0045_remove_activity_day	2026-04-02 12:28:00.145275+00
169	app	0046_exercises	2026-04-02 12:28:00.15316+00
170	app	0047_alter_trainingplan_day	2026-04-02 12:28:00.160661+00
171	app	0048_exercises_unit	2026-04-02 12:28:00.166642+00
172	app	0049_trainingplan_unit	2026-04-02 12:28:00.176197+00
173	app	0050_exercises_requires_weight	2026-04-02 12:28:00.181479+00
174	app	0051_trainingplan_training_plan_key	2026-04-02 12:28:00.191633+00
175	app	0052_alter_exercises_unit_alter_trainingplan_unit	2026-04-02 12:28:00.199974+00
176	app	0053_users_account_status	2026-04-02 12:28:00.209884+00
177	app	0054_users_last_login	2026-04-02 12:28:00.219841+00
178	app	0055_activity_day_alter_users_last_login	2026-04-02 12:28:00.234241+00
179	app	0056_rename_day_activity_training_plan_day	2026-04-02 12:28:00.244127+00
180	app	0057_alter_articleforum_likes_from_users_and_more	2026-04-02 12:28:00.353486+00
181	app	0058_users_language	2026-04-02 12:28:00.36484+00
182	app	0059_alter_users_language	2026-04-02 12:28:00.378426+00
183	app	0060_alter_users_language	2026-04-02 12:28:00.387946+00
184	app	0061_users_verification_code_alter_users_account_status	2026-04-02 12:28:00.40124+00
185	app	0062_alter_users_last_login	2026-04-02 12:28:00.408692+00
186	app	0063_payment	2026-04-02 12:28:00.422755+00
187	app	0064_rename_payment_payments	2026-04-02 12:28:00.448861+00
188	app	0065_transactions_delete_payments	2026-04-02 12:28:00.466539+00
189	app	0066_transactions_user	2026-04-02 12:28:00.485212+00
190	app	0067_alter_transactions_stripe_intent_id	2026-04-02 12:28:00.49262+00
191	app	0068_alter_transactions_stripe_intent_id	2026-04-02 12:28:00.501935+00
192	app	0069_alter_users_blog_subscribe	2026-04-02 12:28:00.51281+00
\.


--
-- Data for Name: django_session; Type: TABLE DATA; Schema: public; Owner: wesiq_admin
--

COPY public.django_session (session_key, session_data, expire_date) FROM stdin;
jf2tdyvdw7cr1y5d7jdwice6hb54gbc7	eyJsb2dnZWRfaW5fdXNlcl9pZCI6MTZ9:1w0HFy:5a46ltBldGNP5e5ZZL-jxTittlmpWiosPOCsMxdqtag	2026-03-25 10:57:38.533705+00
lrxfutryodecknwzwomm8c0l9sbe3kqf	.eJxVUNFugzAM_Bc_VygJkBSe1v3GNCEnMRAVEkSCtqnqvy90SBNv1vnufOcHTGEYyHbOd1uktXMWWi4vgMaEzacOtzSST85gcsF3M6Ux2AjtxwP-ZmhhwRi_wmohy1KWK1VK2TAliuqqBK-yHc3opkzVNG7Tgml197dhxwoTZnh-XuB16T8DcDhhGs2d_L7Aadrh4khYvDjHOha3U973Q3WyGjGO2ceU0miZExIqaritdY_SVpxr1rCrqHQvtOK9YqyqZV8qiSgYpzpXqpW1ZjeNFOP-Fvpe3PqTqwvWSMaev1r7coU:1w28Lg:OA_ta-hO66njEKecZxqb3ilp7qwuoc4GYqVGECpL40k	2026-03-30 13:51:12.511281+00
dlm8mtwclnr9637vnrggvny9iywthws5	.eJxVUMtuhDAM_BefEUp4JMCp29-oKuQkBqKFBJGgtlrtvzdskSpu1nhmPOMHzH4cyfTW9XugrbcGOi4yQK397mKPe5zIRasxWu_6heLkTYDu4wF_M3SwYghffjOQZDHJpSyFaOtG5i3jJS8zoAXtnJiKpn1eMW72_jYeWK79As_PDF6H_iMAhwumUN_JHQuc5wPOz4D5i3OuQ367xH0_VRerCcOUfHQptBJVIwkltdzUakBhKs4Va1lTVGoolOSDZKyqxVBKgVgwTqlVUUtj9GEaKITjK_S92u0nNS9YKxh7_gIIFXJR:1w28Tz:XQza5xiCYhS6A2HIYaAwxMYVCFax1mAKidFqfqU_Qe0	2026-03-30 13:59:47.909301+00
gfgy96xenyx5yu7znptm1188yybknv6a	.eJxVkM1uhDAMhN_FZ4QSIDHLqdvXqCrkJKaJlj-RoLZa7bt3s-XCzZoZfx75DmTtss-ppz15nlOwlMIy9xMnv7gI3ccd_mfoYKUYv5fNQQGUoJOItW5FrbGsG6kEFsAThfGZNOz3caW0hdvbV9ZKu0zw-CzgdajfI299yEwJJ82QvfGcDRrHLJdHwfKVOexYXk9134-tE8pT9E-OrbU1ummRCfkinTIDaddIacRFtFVjhsqgHFCIRumhRk1UCcmqxUqhczZDI8eYv8I_a9h-oROPPyBjaRQ:1w2BHr:voZn-fXExw2BvLnnnqubB8p5-azPerXXW5IjMwZFNZw	2026-03-30 16:59:27.376083+00
zo53zmye5ydzvvk30rz96ft2nktnkk7w	.eJxVUNtqhDAQ_Zd5Fkm8ZNSnbn-jFJkko4ZVIybSlmX_vboVim_Duc3hPGD0fc-2dXO7BV5bZ6GRKgEyxm9zbGmLA8_RGYrOz-3EcfA2QPPxgL8bGlgohC-_Wthtcbcj5qqqclmnqFCqMgGeyI27UvOwjQvF1d3f-gNLjZ_g-ZnA69F_BZBwwTSZO88HQeN4wOlZMH1pTjqkt0vd99N1iRooDHuOyZXRqqiQCbmWttQdKVtIqUUtqqzQXaZRdihEUaouR0WUCcllhVmJ1pojNHAIxyr8vbj1Bxrx_AVm7nEo:1w2DM7:LYZ4CUaWatIRdU9PNaU-JwaUxtEjgSTjC0X3P9GgfU0	2026-03-30 19:11:59.784427+00
ya4qt8dcujra9f4c0mzs0wp0nrlin2iq	.eJxVUNFqhDAQ_Jd9FkmiSdSnXn-jFNkkq4ZTIybSluP-vXoVim_LzOzszD4ArQ3bnFrc0kBz8haTD3M7URqCi9B8POBvhgYWjPErrA4ywAQN17rQsmCa50qwQmqZAU3ox11qaNjGBdPq72_9geU2TPD8zOB1qd0ira0_TDlcMIP2TvNB4DgecH4mzF-ak4757ZL3_dy6WA0Yh93HFsoaVVaaUFPNnTQdKldybljNKlGaThjNO81YKVVXaIUoGCdZaSG1c_YwjRTj8Rb6Xvz6s1cXrFaMZTCGvifX-vm_EVfPX9Kmcno:1w2Uj5:pHEhvBpmn6K8CNR_a46G7rOy05WFQvDheygehfGBDmY	2026-03-31 13:44:51.187924+00
9n3dkzizitqv1xxhihp7uq2sps0ra8r6	eyJsb2dnZWRfaW5fdXNlcl9pZCI6MTZ9:1vWtsK:cM-eIsgbs0wB_RdaIo2OJkMXBP-aSBiDy3nKNNm17ws	2026-01-03 10:07:48.119318+00
d4gk65gypm0r2d3f0cy6kx1f2hig094x	eyJsb2dnZWRfaW5fdXNlcl9pZCI6MTZ9:1vZmKb:OWoOtBtszz3L7p5Ad0TAZVSrnm5PBZiPpouZjVFtc-g	2026-01-11 08:40:53.5702+00
otrfnzokl0w7m3zcbdxyh4un2ybdn1fr	eyJsb2dnZWRfaW5fdXNlcl9pZCI6MTZ9:1vdDB3:vObZs1yAhAe0T70V1waPL5hPdivuNF0KbvTt4Ofqix8	2026-01-20 19:57:13.346628+00
2lfhpibj0x1grt6v85zi0xcgod4ze8tz	eyJsb2dnZWRfaW5fdXNlcl9pZCI6MTZ9:1vjjoY:2Pd8o-egRAYLLcxeMaWu0d12GRntNsOvhieUFP-hzuk	2026-02-07 20:00:58.46489+00
8uwjzpv592ykruhx37ru548iw4hxsfbn	eyJsb2dnZWRfaW5fdXNlcl9pZCI6MTZ9:1voLu7:kJhkiNUPmRZK3sbYHx1AyjckUFe4SmnOEjzTOkUAJXU	2026-02-20 13:29:47.296932+00
rcwrc6qva2fldzvubfjvas1limo2k59h	eyJsb2dnZWRfaW5fdXNlcl9pZCI6MTZ9:1vtQsV:bqWpsXsaX7EFeTfn0xH0wNGcUO7zReVbUTUpCSWhwkk	2026-03-06 13:49:07.958583+00
b5xv65ue0w1gkfw9oqb69jgnpw748f2v	eyJsb2dnZWRfaW5fdXNlcl9pZCI6MTZ9:1vw4zs:edaboCE2vOqE6VF0QJtckhsUA0gtYpQTmPSYxrpBMOo	2026-03-13 21:03:40.02412+00
yl5o91tv5n7qa2f0kigwm4s8kr4c9k93	e30:1vIRMU:6WZHJsp87dtGBTPD07noAwsFsKe27OwxiN9xmz8Ave4	2025-11-24 12:51:10.654138+00
gnf1d2bc752gevhmi4xwk2p1lvbyq1tn	eyJsb2dnZWRfaW5fdXNlcl9pZCI6NDB9:1vwFjq:kenDr7T2_RTwfiCIUXDwVGy2azEkSh62DarPbUoDiYo	2026-03-14 08:31:50.220531+00
iukhshxtolvu46oxyseykuop6lkslu9w	e30:1vwGIl:UZjhYxnDBhRmDioax7odJmYltkmDst7txk1aQ13erdQ	2026-03-14 09:07:55.76481+00
gsaaqhsvhb7k1op3a5ecgmm0vjm7s8sy	eyJsb2dnZWRfaW5fdXNlcl9pZCI6MTZ9:1vwJdO:7_0s6sMXvfbph67dr3e-AApaXqzsFLBu_8OB6uXo8O8	2026-03-14 12:41:26.703529+00
v4444vw2nyng0wmdt6l9tsssutzqebg4	.eJxVjMsKgzAQRf8l6xIyMQ_tsnu_IcxkErWVBHysSv-9FYTi9pxz71vMdRgSh6mEfU1LmFjcwd1EwH0b_0iAuDDC-ErlEPzEMlQZa9mWieSRyNOusq-c5sfZXg5GXMffOjYukjOtT-hTB2wpo2MDQKpTrTaUNXnIXiljXW68Q9QKkm29tp45is8XqEc_ng:1w0DyY:6f_IQjCZH6rXzZ1J38RexnvgMuxXfbuf0b9jHr-l-3A	2026-03-25 07:27:26.223819+00
qrw6gqj3ga89dwah5nnrvdwg89b6pcxv	.eJxVUNtqhDAQ_Zd5FjFGY_Sp298oRWJmomE1ERNpy7L_3rgVijAPw7nNYR4w-3Ek7K3r90BbbxE6JjJQWvvdxV7tcSIXrVbRetcvFCePAbqPB_zt0MGqQvjyG0KyxWRvmopLJgXPG8ZKKTOgRdk5KQea9nlVcbP3t_HAcu0XeH5m8Dr0XwEYXLBB6Tu5g1DzfMD5WTB_aU465LdL3ffTdYmaVJhSDm8H1IWsUFdYy8qwNjU2hUGBZpBpGs4HjjVRXba6RKpbxYURwqCWpiqP0EAhHF-h79VuP9AVz1-MQHI4:1w57mJ:2zmWs2MJKKXWOtdqZFqqxTdmDmO96YEFhzVfhBzbJBA	2026-04-07 19:51:03.728849+00
qhx5w195izfxezuu6xhvfc5qso4h91t7	eyJsb2dnZWRfaW5fdXNlcl9pZCI6MTZ9:1w6lxh:ZAxQyzJ8-9bm4SD2grHWMFiycihnehc5uNBJ2blwzz8	2026-04-12 08:57:37.21975+00
yim49gh36ictr0lpbaj15y2nusn0qvn2	.eJxVUO1qhTAMfZf8luJnrf7a3WuMIbVJtdzaiq1s43LfffVOGEIIyUnOySEPsH6aCAfjhj3QNhiEvuAZSKX87uIg9ziTi0bJaLwbFoqzxwD9xwP-auhhlSF8-Q0h0WKit20tujJlJvLUlBnQIo1NmyPNu11l3Mz9bTowpvwCz88MXof-LUABF2yU6k7uGEhrD5idBtlr5xwHdrvYfT9ZF6lZhjnpVN2IKhc1qhobUeuiKwTXuUaOehQp2qoaK2yImrJTJVLTyYprzjUqoevyEA0UwvEV-l7N9gN9_vwFkilyPg:1w7Ggo:ZTHBWqnW2FXIIMEM4QZbpADWgUQOf_KvuGHLPRleKiE	2026-04-13 17:46:14.835703+00
ewu7twf9ca0qr9fnsto0bmpl29ia070t	eyJsb2dnZWRfaW5fdXNlcl9pZCI6MTZ9:1w7bsM:iRVneo5NdrjiTFiJZ_jjdtdKQFWGtCFdAktQY4w6w3A	2026-04-14 16:23:34.813793+00
\.


--
-- Data for Name: socialaccount_socialaccount; Type: TABLE DATA; Schema: public; Owner: wesiq_admin
--

COPY public.socialaccount_socialaccount (id, provider, uid, last_login, date_joined, extra_data, user_id) FROM stdin;
\.


--
-- Data for Name: socialaccount_socialapp; Type: TABLE DATA; Schema: public; Owner: wesiq_admin
--

COPY public.socialaccount_socialapp (id, provider, name, client_id, secret, key, provider_id, settings) FROM stdin;
1	google	Google OAuth 2.0	1029232873521-ngko0mthei1m0sf06p12j2tied07npjg.apps.googleusercontent.com	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			{}
\.


--
-- Data for Name: socialaccount_socialtoken; Type: TABLE DATA; Schema: public; Owner: wesiq_admin
--

COPY public.socialaccount_socialtoken (id, token, token_secret, expires_at, account_id, app_id) FROM stdin;
\.


--
-- Name: account_emailaddress_id_seq; Type: SEQUENCE SET; Schema: public; Owner: wesiq_admin
--

SELECT pg_catalog.setval('public.account_emailaddress_id_seq', 1, true);


--
-- Name: account_emailconfirmation_id_seq; Type: SEQUENCE SET; Schema: public; Owner: wesiq_admin
--

SELECT pg_catalog.setval('public.account_emailconfirmation_id_seq', 1, false);


--
-- Name: app_activity_id_seq; Type: SEQUENCE SET; Schema: public; Owner: wesiq_admin
--

SELECT pg_catalog.setval('public.app_activity_id_seq', 1, false);


--
-- Name: app_articleforum_id_seq; Type: SEQUENCE SET; Schema: public; Owner: wesiq_admin
--

SELECT pg_catalog.setval('public.app_articleforum_id_seq', 1, false);


--
-- Name: app_articles_id_seq; Type: SEQUENCE SET; Schema: public; Owner: wesiq_admin
--

SELECT pg_catalog.setval('public.app_articles_id_seq', 1, false);


--
-- Name: app_exercises_id_seq; Type: SEQUENCE SET; Schema: public; Owner: wesiq_admin
--

SELECT pg_catalog.setval('public.app_exercises_id_seq', 1, false);


--
-- Name: app_reviews_id_seq; Type: SEQUENCE SET; Schema: public; Owner: wesiq_admin
--

SELECT pg_catalog.setval('public.app_reviews_id_seq', 1, false);


--
-- Name: app_trainingplan_id_seq; Type: SEQUENCE SET; Schema: public; Owner: wesiq_admin
--

SELECT pg_catalog.setval('public.app_trainingplan_id_seq', 1, false);


--
-- Name: app_transactions_id_seq; Type: SEQUENCE SET; Schema: public; Owner: wesiq_admin
--

SELECT pg_catalog.setval('public.app_transactions_id_seq', 1, false);


--
-- Name: app_users_id_seq; Type: SEQUENCE SET; Schema: public; Owner: wesiq_admin
--

SELECT pg_catalog.setval('public.app_users_id_seq', 1, false);


--
-- Name: auth_group_id_seq; Type: SEQUENCE SET; Schema: public; Owner: wesiq_admin
--

SELECT pg_catalog.setval('public.auth_group_id_seq', 1, false);


--
-- Name: auth_group_permissions_id_seq; Type: SEQUENCE SET; Schema: public; Owner: wesiq_admin
--

SELECT pg_catalog.setval('public.auth_group_permissions_id_seq', 1, false);


--
-- Name: auth_permission_id_seq; Type: SEQUENCE SET; Schema: public; Owner: wesiq_admin
--

SELECT pg_catalog.setval('public.auth_permission_id_seq', 148, true);


--
-- Name: auth_user_groups_id_seq; Type: SEQUENCE SET; Schema: public; Owner: wesiq_admin
--

SELECT pg_catalog.setval('public.auth_user_groups_id_seq', 1, false);


--
-- Name: auth_user_id_seq; Type: SEQUENCE SET; Schema: public; Owner: wesiq_admin
--

SELECT pg_catalog.setval('public.auth_user_id_seq', 1, true);


--
-- Name: auth_user_user_permissions_id_seq; Type: SEQUENCE SET; Schema: public; Owner: wesiq_admin
--

SELECT pg_catalog.setval('public.auth_user_user_permissions_id_seq', 1, false);


--
-- Name: blog_activity_id_seq; Type: SEQUENCE SET; Schema: public; Owner: wesiq_admin
--

SELECT pg_catalog.setval('public.blog_activity_id_seq', 53, true);


--
-- Name: blog_articleforum_id_seq; Type: SEQUENCE SET; Schema: public; Owner: wesiq_admin
--

SELECT pg_catalog.setval('public.blog_articleforum_id_seq', 17, true);


--
-- Name: blog_articles_id_seq; Type: SEQUENCE SET; Schema: public; Owner: wesiq_admin
--

SELECT pg_catalog.setval('public.blog_articles_id_seq', 9, true);


--
-- Name: blog_exercises_id_seq; Type: SEQUENCE SET; Schema: public; Owner: wesiq_admin
--

SELECT pg_catalog.setval('public.blog_exercises_id_seq', 1, false);


--
-- Name: blog_reviews_id_seq; Type: SEQUENCE SET; Schema: public; Owner: wesiq_admin
--

SELECT pg_catalog.setval('public.blog_reviews_id_seq', 33, true);


--
-- Name: blog_trainingplan_id_seq; Type: SEQUENCE SET; Schema: public; Owner: wesiq_admin
--

SELECT pg_catalog.setval('public.blog_trainingplan_id_seq', 374, true);


--
-- Name: blog_transactions_id_seq; Type: SEQUENCE SET; Schema: public; Owner: wesiq_admin
--

SELECT pg_catalog.setval('public.blog_transactions_id_seq', 26, true);


--
-- Name: blog_users_id_seq; Type: SEQUENCE SET; Schema: public; Owner: wesiq_admin
--

SELECT pg_catalog.setval('public.blog_users_id_seq', 67, true);


--
-- Name: django_admin_log_id_seq; Type: SEQUENCE SET; Schema: public; Owner: wesiq_admin
--

SELECT pg_catalog.setval('public.django_admin_log_id_seq', 49, true);


--
-- Name: django_celery_beat_clockedschedule_id_seq; Type: SEQUENCE SET; Schema: public; Owner: wesiq_admin
--

SELECT pg_catalog.setval('public.django_celery_beat_clockedschedule_id_seq', 1, false);


--
-- Name: django_celery_beat_crontabschedule_id_seq; Type: SEQUENCE SET; Schema: public; Owner: wesiq_admin
--

SELECT pg_catalog.setval('public.django_celery_beat_crontabschedule_id_seq', 6, true);


--
-- Name: django_celery_beat_intervalschedule_id_seq; Type: SEQUENCE SET; Schema: public; Owner: wesiq_admin
--

SELECT pg_catalog.setval('public.django_celery_beat_intervalschedule_id_seq', 2, true);


--
-- Name: django_celery_beat_periodictask_id_seq; Type: SEQUENCE SET; Schema: public; Owner: wesiq_admin
--

SELECT pg_catalog.setval('public.django_celery_beat_periodictask_id_seq', 7, true);


--
-- Name: django_celery_beat_solarschedule_id_seq; Type: SEQUENCE SET; Schema: public; Owner: wesiq_admin
--

SELECT pg_catalog.setval('public.django_celery_beat_solarschedule_id_seq', 1, false);


--
-- Name: django_content_type_id_seq; Type: SEQUENCE SET; Schema: public; Owner: wesiq_admin
--

SELECT pg_catalog.setval('public.django_content_type_id_seq', 35, true);


--
-- Name: django_migrations_id_seq; Type: SEQUENCE SET; Schema: public; Owner: wesiq_admin
--

SELECT pg_catalog.setval('public.django_migrations_id_seq', 192, true);


--
-- Name: socialaccount_socialaccount_id_seq; Type: SEQUENCE SET; Schema: public; Owner: wesiq_admin
--

SELECT pg_catalog.setval('public.socialaccount_socialaccount_id_seq', 1, false);


--
-- Name: socialaccount_socialapp_id_seq; Type: SEQUENCE SET; Schema: public; Owner: wesiq_admin
--

SELECT pg_catalog.setval('public.socialaccount_socialapp_id_seq', 1, true);


--
-- Name: socialaccount_socialtoken_id_seq; Type: SEQUENCE SET; Schema: public; Owner: wesiq_admin
--

SELECT pg_catalog.setval('public.socialaccount_socialtoken_id_seq', 1, false);


--
-- Name: account_emailaddress account_emailaddress_pkey; Type: CONSTRAINT; Schema: public; Owner: wesiq_admin
--

ALTER TABLE ONLY public.account_emailaddress
    ADD CONSTRAINT account_emailaddress_pkey PRIMARY KEY (id);


--
-- Name: account_emailaddress account_emailaddress_user_id_email_987c8728_uniq; Type: CONSTRAINT; Schema: public; Owner: wesiq_admin
--

ALTER TABLE ONLY public.account_emailaddress
    ADD CONSTRAINT account_emailaddress_user_id_email_987c8728_uniq UNIQUE (user_id, email);


--
-- Name: account_emailconfirmation account_emailconfirmation_key_key; Type: CONSTRAINT; Schema: public; Owner: wesiq_admin
--

ALTER TABLE ONLY public.account_emailconfirmation
    ADD CONSTRAINT account_emailconfirmation_key_key UNIQUE (key);


--
-- Name: account_emailconfirmation account_emailconfirmation_pkey; Type: CONSTRAINT; Schema: public; Owner: wesiq_admin
--

ALTER TABLE ONLY public.account_emailconfirmation
    ADD CONSTRAINT account_emailconfirmation_pkey PRIMARY KEY (id);


--
-- Name: app_activity app_activity_pkey; Type: CONSTRAINT; Schema: public; Owner: wesiq_admin
--

ALTER TABLE ONLY public.app_activity
    ADD CONSTRAINT app_activity_pkey PRIMARY KEY (id);


--
-- Name: app_articleforum app_articleforum_pkey; Type: CONSTRAINT; Schema: public; Owner: wesiq_admin
--

ALTER TABLE ONLY public.app_articleforum
    ADD CONSTRAINT app_articleforum_pkey PRIMARY KEY (id);


--
-- Name: app_articles app_articles_pkey; Type: CONSTRAINT; Schema: public; Owner: wesiq_admin
--

ALTER TABLE ONLY public.app_articles
    ADD CONSTRAINT app_articles_pkey PRIMARY KEY (id);


--
-- Name: app_exercises app_exercises_pkey; Type: CONSTRAINT; Schema: public; Owner: wesiq_admin
--

ALTER TABLE ONLY public.app_exercises
    ADD CONSTRAINT app_exercises_pkey PRIMARY KEY (id);


--
-- Name: app_reviews app_reviews_pkey; Type: CONSTRAINT; Schema: public; Owner: wesiq_admin
--

ALTER TABLE ONLY public.app_reviews
    ADD CONSTRAINT app_reviews_pkey PRIMARY KEY (id);


--
-- Name: app_trainingplan app_trainingplan_pkey; Type: CONSTRAINT; Schema: public; Owner: wesiq_admin
--

ALTER TABLE ONLY public.app_trainingplan
    ADD CONSTRAINT app_trainingplan_pkey PRIMARY KEY (id);


--
-- Name: app_transactions app_transactions_pkey; Type: CONSTRAINT; Schema: public; Owner: wesiq_admin
--

ALTER TABLE ONLY public.app_transactions
    ADD CONSTRAINT app_transactions_pkey PRIMARY KEY (id);


--
-- Name: app_transactions app_transactions_stripe_intent_id_key; Type: CONSTRAINT; Schema: public; Owner: wesiq_admin
--

ALTER TABLE ONLY public.app_transactions
    ADD CONSTRAINT app_transactions_stripe_intent_id_key UNIQUE (stripe_intent_id);


--
-- Name: app_users app_users_pkey; Type: CONSTRAINT; Schema: public; Owner: wesiq_admin
--

ALTER TABLE ONLY public.app_users
    ADD CONSTRAINT app_users_pkey PRIMARY KEY (id);


--
-- Name: auth_group auth_group_name_key; Type: CONSTRAINT; Schema: public; Owner: wesiq_admin
--

ALTER TABLE ONLY public.auth_group
    ADD CONSTRAINT auth_group_name_key UNIQUE (name);


--
-- Name: auth_group_permissions auth_group_permissions_group_id_permission_id_0cd325b0_uniq; Type: CONSTRAINT; Schema: public; Owner: wesiq_admin
--

ALTER TABLE ONLY public.auth_group_permissions
    ADD CONSTRAINT auth_group_permissions_group_id_permission_id_0cd325b0_uniq UNIQUE (group_id, permission_id);


--
-- Name: auth_group_permissions auth_group_permissions_pkey; Type: CONSTRAINT; Schema: public; Owner: wesiq_admin
--

ALTER TABLE ONLY public.auth_group_permissions
    ADD CONSTRAINT auth_group_permissions_pkey PRIMARY KEY (id);


--
-- Name: auth_group auth_group_pkey; Type: CONSTRAINT; Schema: public; Owner: wesiq_admin
--

ALTER TABLE ONLY public.auth_group
    ADD CONSTRAINT auth_group_pkey PRIMARY KEY (id);


--
-- Name: auth_permission auth_permission_content_type_id_codename_01ab375a_uniq; Type: CONSTRAINT; Schema: public; Owner: wesiq_admin
--

ALTER TABLE ONLY public.auth_permission
    ADD CONSTRAINT auth_permission_content_type_id_codename_01ab375a_uniq UNIQUE (content_type_id, codename);


--
-- Name: auth_permission auth_permission_pkey; Type: CONSTRAINT; Schema: public; Owner: wesiq_admin
--

ALTER TABLE ONLY public.auth_permission
    ADD CONSTRAINT auth_permission_pkey PRIMARY KEY (id);


--
-- Name: auth_user_groups auth_user_groups_pkey; Type: CONSTRAINT; Schema: public; Owner: wesiq_admin
--

ALTER TABLE ONLY public.auth_user_groups
    ADD CONSTRAINT auth_user_groups_pkey PRIMARY KEY (id);


--
-- Name: auth_user_groups auth_user_groups_user_id_group_id_94350c0c_uniq; Type: CONSTRAINT; Schema: public; Owner: wesiq_admin
--

ALTER TABLE ONLY public.auth_user_groups
    ADD CONSTRAINT auth_user_groups_user_id_group_id_94350c0c_uniq UNIQUE (user_id, group_id);


--
-- Name: auth_user auth_user_pkey; Type: CONSTRAINT; Schema: public; Owner: wesiq_admin
--

ALTER TABLE ONLY public.auth_user
    ADD CONSTRAINT auth_user_pkey PRIMARY KEY (id);


--
-- Name: auth_user_user_permissions auth_user_user_permissions_pkey; Type: CONSTRAINT; Schema: public; Owner: wesiq_admin
--

ALTER TABLE ONLY public.auth_user_user_permissions
    ADD CONSTRAINT auth_user_user_permissions_pkey PRIMARY KEY (id);


--
-- Name: auth_user_user_permissions auth_user_user_permissions_user_id_permission_id_14a6b632_uniq; Type: CONSTRAINT; Schema: public; Owner: wesiq_admin
--

ALTER TABLE ONLY public.auth_user_user_permissions
    ADD CONSTRAINT auth_user_user_permissions_user_id_permission_id_14a6b632_uniq UNIQUE (user_id, permission_id);


--
-- Name: auth_user auth_user_username_key; Type: CONSTRAINT; Schema: public; Owner: wesiq_admin
--

ALTER TABLE ONLY public.auth_user
    ADD CONSTRAINT auth_user_username_key UNIQUE (username);


--
-- Name: blog_activity blog_activity_pkey; Type: CONSTRAINT; Schema: public; Owner: wesiq_admin
--

ALTER TABLE ONLY public.blog_activity
    ADD CONSTRAINT blog_activity_pkey PRIMARY KEY (id);


--
-- Name: blog_articleforum blog_articleforum_pkey; Type: CONSTRAINT; Schema: public; Owner: wesiq_admin
--

ALTER TABLE ONLY public.blog_articleforum
    ADD CONSTRAINT blog_articleforum_pkey PRIMARY KEY (id);


--
-- Name: blog_articles blog_articles_pkey; Type: CONSTRAINT; Schema: public; Owner: wesiq_admin
--

ALTER TABLE ONLY public.blog_articles
    ADD CONSTRAINT blog_articles_pkey PRIMARY KEY (id);


--
-- Name: blog_exercises blog_exercises_pkey; Type: CONSTRAINT; Schema: public; Owner: wesiq_admin
--

ALTER TABLE ONLY public.blog_exercises
    ADD CONSTRAINT blog_exercises_pkey PRIMARY KEY (id);


--
-- Name: blog_reviews blog_reviews_pkey; Type: CONSTRAINT; Schema: public; Owner: wesiq_admin
--

ALTER TABLE ONLY public.blog_reviews
    ADD CONSTRAINT blog_reviews_pkey PRIMARY KEY (id);


--
-- Name: blog_trainingplan blog_trainingplan_pkey; Type: CONSTRAINT; Schema: public; Owner: wesiq_admin
--

ALTER TABLE ONLY public.blog_trainingplan
    ADD CONSTRAINT blog_trainingplan_pkey PRIMARY KEY (id);


--
-- Name: blog_transactions blog_transactions_pkey; Type: CONSTRAINT; Schema: public; Owner: wesiq_admin
--

ALTER TABLE ONLY public.blog_transactions
    ADD CONSTRAINT blog_transactions_pkey PRIMARY KEY (id);


--
-- Name: blog_transactions blog_transactions_stripe_intent_id_key; Type: CONSTRAINT; Schema: public; Owner: wesiq_admin
--

ALTER TABLE ONLY public.blog_transactions
    ADD CONSTRAINT blog_transactions_stripe_intent_id_key UNIQUE (stripe_intent_id);


--
-- Name: blog_users blog_users_pkey; Type: CONSTRAINT; Schema: public; Owner: wesiq_admin
--

ALTER TABLE ONLY public.blog_users
    ADD CONSTRAINT blog_users_pkey PRIMARY KEY (id);


--
-- Name: django_admin_log django_admin_log_pkey; Type: CONSTRAINT; Schema: public; Owner: wesiq_admin
--

ALTER TABLE ONLY public.django_admin_log
    ADD CONSTRAINT django_admin_log_pkey PRIMARY KEY (id);


--
-- Name: django_celery_beat_clockedschedule django_celery_beat_clockedschedule_pkey; Type: CONSTRAINT; Schema: public; Owner: wesiq_admin
--

ALTER TABLE ONLY public.django_celery_beat_clockedschedule
    ADD CONSTRAINT django_celery_beat_clockedschedule_pkey PRIMARY KEY (id);


--
-- Name: django_celery_beat_crontabschedule django_celery_beat_crontabschedule_pkey; Type: CONSTRAINT; Schema: public; Owner: wesiq_admin
--

ALTER TABLE ONLY public.django_celery_beat_crontabschedule
    ADD CONSTRAINT django_celery_beat_crontabschedule_pkey PRIMARY KEY (id);


--
-- Name: django_celery_beat_intervalschedule django_celery_beat_intervalschedule_pkey; Type: CONSTRAINT; Schema: public; Owner: wesiq_admin
--

ALTER TABLE ONLY public.django_celery_beat_intervalschedule
    ADD CONSTRAINT django_celery_beat_intervalschedule_pkey PRIMARY KEY (id);


--
-- Name: django_celery_beat_periodictask django_celery_beat_periodictask_name_key; Type: CONSTRAINT; Schema: public; Owner: wesiq_admin
--

ALTER TABLE ONLY public.django_celery_beat_periodictask
    ADD CONSTRAINT django_celery_beat_periodictask_name_key UNIQUE (name);


--
-- Name: django_celery_beat_periodictask django_celery_beat_periodictask_pkey; Type: CONSTRAINT; Schema: public; Owner: wesiq_admin
--

ALTER TABLE ONLY public.django_celery_beat_periodictask
    ADD CONSTRAINT django_celery_beat_periodictask_pkey PRIMARY KEY (id);


--
-- Name: django_celery_beat_periodictasks django_celery_beat_periodictasks_pkey; Type: CONSTRAINT; Schema: public; Owner: wesiq_admin
--

ALTER TABLE ONLY public.django_celery_beat_periodictasks
    ADD CONSTRAINT django_celery_beat_periodictasks_pkey PRIMARY KEY (ident);


--
-- Name: django_celery_beat_solarschedule django_celery_beat_solar_event_latitude_longitude_ba64999a_uniq; Type: CONSTRAINT; Schema: public; Owner: wesiq_admin
--

ALTER TABLE ONLY public.django_celery_beat_solarschedule
    ADD CONSTRAINT django_celery_beat_solar_event_latitude_longitude_ba64999a_uniq UNIQUE (event, latitude, longitude);


--
-- Name: django_celery_beat_solarschedule django_celery_beat_solarschedule_pkey; Type: CONSTRAINT; Schema: public; Owner: wesiq_admin
--

ALTER TABLE ONLY public.django_celery_beat_solarschedule
    ADD CONSTRAINT django_celery_beat_solarschedule_pkey PRIMARY KEY (id);


--
-- Name: django_content_type django_content_type_app_label_model_76bd3d3b_uniq; Type: CONSTRAINT; Schema: public; Owner: wesiq_admin
--

ALTER TABLE ONLY public.django_content_type
    ADD CONSTRAINT django_content_type_app_label_model_76bd3d3b_uniq UNIQUE (app_label, model);


--
-- Name: django_content_type django_content_type_pkey; Type: CONSTRAINT; Schema: public; Owner: wesiq_admin
--

ALTER TABLE ONLY public.django_content_type
    ADD CONSTRAINT django_content_type_pkey PRIMARY KEY (id);


--
-- Name: django_migrations django_migrations_pkey; Type: CONSTRAINT; Schema: public; Owner: wesiq_admin
--

ALTER TABLE ONLY public.django_migrations
    ADD CONSTRAINT django_migrations_pkey PRIMARY KEY (id);


--
-- Name: django_session django_session_pkey; Type: CONSTRAINT; Schema: public; Owner: wesiq_admin
--

ALTER TABLE ONLY public.django_session
    ADD CONSTRAINT django_session_pkey PRIMARY KEY (session_key);


--
-- Name: socialaccount_socialaccount socialaccount_socialaccount_pkey; Type: CONSTRAINT; Schema: public; Owner: wesiq_admin
--

ALTER TABLE ONLY public.socialaccount_socialaccount
    ADD CONSTRAINT socialaccount_socialaccount_pkey PRIMARY KEY (id);


--
-- Name: socialaccount_socialaccount socialaccount_socialaccount_provider_uid_fc810c6e_uniq; Type: CONSTRAINT; Schema: public; Owner: wesiq_admin
--

ALTER TABLE ONLY public.socialaccount_socialaccount
    ADD CONSTRAINT socialaccount_socialaccount_provider_uid_fc810c6e_uniq UNIQUE (provider, uid);


--
-- Name: socialaccount_socialapp socialaccount_socialapp_pkey; Type: CONSTRAINT; Schema: public; Owner: wesiq_admin
--

ALTER TABLE ONLY public.socialaccount_socialapp
    ADD CONSTRAINT socialaccount_socialapp_pkey PRIMARY KEY (id);


--
-- Name: socialaccount_socialtoken socialaccount_socialtoken_app_id_account_id_fca4e0ac_uniq; Type: CONSTRAINT; Schema: public; Owner: wesiq_admin
--

ALTER TABLE ONLY public.socialaccount_socialtoken
    ADD CONSTRAINT socialaccount_socialtoken_app_id_account_id_fca4e0ac_uniq UNIQUE (app_id, account_id);


--
-- Name: socialaccount_socialtoken socialaccount_socialtoken_pkey; Type: CONSTRAINT; Schema: public; Owner: wesiq_admin
--

ALTER TABLE ONLY public.socialaccount_socialtoken
    ADD CONSTRAINT socialaccount_socialtoken_pkey PRIMARY KEY (id);


--
-- Name: account_emailaddress_email_03be32b2; Type: INDEX; Schema: public; Owner: wesiq_admin
--

CREATE INDEX account_emailaddress_email_03be32b2 ON public.account_emailaddress USING btree (email);


--
-- Name: account_emailaddress_email_03be32b2_like; Type: INDEX; Schema: public; Owner: wesiq_admin
--

CREATE INDEX account_emailaddress_email_03be32b2_like ON public.account_emailaddress USING btree (email varchar_pattern_ops);


--
-- Name: account_emailaddress_user_id_2c513194; Type: INDEX; Schema: public; Owner: wesiq_admin
--

CREATE INDEX account_emailaddress_user_id_2c513194 ON public.account_emailaddress USING btree (user_id);


--
-- Name: account_emailconfirmation_email_address_id_5b7f8c58; Type: INDEX; Schema: public; Owner: wesiq_admin
--

CREATE INDEX account_emailconfirmation_email_address_id_5b7f8c58 ON public.account_emailconfirmation USING btree (email_address_id);


--
-- Name: account_emailconfirmation_key_f43612bd_like; Type: INDEX; Schema: public; Owner: wesiq_admin
--

CREATE INDEX account_emailconfirmation_key_f43612bd_like ON public.account_emailconfirmation USING btree (key varchar_pattern_ops);


--
-- Name: app_activity_user_id_8b43f73a; Type: INDEX; Schema: public; Owner: wesiq_admin
--

CREATE INDEX app_activity_user_id_8b43f73a ON public.app_activity USING btree (user_id);


--
-- Name: app_articleforum_article_id_443aa3b3; Type: INDEX; Schema: public; Owner: wesiq_admin
--

CREATE INDEX app_articleforum_article_id_443aa3b3 ON public.app_articleforum USING btree (article_id);


--
-- Name: app_articleforum_reply_id_220521f3; Type: INDEX; Schema: public; Owner: wesiq_admin
--

CREATE INDEX app_articleforum_reply_id_220521f3 ON public.app_articleforum USING btree (parent_id);


--
-- Name: app_articleforum_user_id_99b44b34; Type: INDEX; Schema: public; Owner: wesiq_admin
--

CREATE INDEX app_articleforum_user_id_99b44b34 ON public.app_articleforum USING btree (user_id);


--
-- Name: app_articles_user_id_73176762; Type: INDEX; Schema: public; Owner: wesiq_admin
--

CREATE INDEX app_articles_user_id_73176762 ON public.app_articles USING btree (user_id);


--
-- Name: app_reviews_user_id_49210d1d; Type: INDEX; Schema: public; Owner: wesiq_admin
--

CREATE INDEX app_reviews_user_id_49210d1d ON public.app_reviews USING btree (user_id);


--
-- Name: app_trainingplan_user_id_5ff337ef; Type: INDEX; Schema: public; Owner: wesiq_admin
--

CREATE INDEX app_trainingplan_user_id_5ff337ef ON public.app_trainingplan USING btree (user_id);


--
-- Name: app_transactions_stripe_intent_id_7c6e2dff_like; Type: INDEX; Schema: public; Owner: wesiq_admin
--

CREATE INDEX app_transactions_stripe_intent_id_7c6e2dff_like ON public.app_transactions USING btree (stripe_intent_id varchar_pattern_ops);


--
-- Name: app_transactions_user_id_95816a17; Type: INDEX; Schema: public; Owner: wesiq_admin
--

CREATE INDEX app_transactions_user_id_95816a17 ON public.app_transactions USING btree (user_id);


--
-- Name: auth_group_name_a6ea08ec_like; Type: INDEX; Schema: public; Owner: wesiq_admin
--

CREATE INDEX auth_group_name_a6ea08ec_like ON public.auth_group USING btree (name varchar_pattern_ops);


--
-- Name: auth_group_permissions_group_id_b120cbf9; Type: INDEX; Schema: public; Owner: wesiq_admin
--

CREATE INDEX auth_group_permissions_group_id_b120cbf9 ON public.auth_group_permissions USING btree (group_id);


--
-- Name: auth_group_permissions_permission_id_84c5c92e; Type: INDEX; Schema: public; Owner: wesiq_admin
--

CREATE INDEX auth_group_permissions_permission_id_84c5c92e ON public.auth_group_permissions USING btree (permission_id);


--
-- Name: auth_permission_content_type_id_2f476e4b; Type: INDEX; Schema: public; Owner: wesiq_admin
--

CREATE INDEX auth_permission_content_type_id_2f476e4b ON public.auth_permission USING btree (content_type_id);


--
-- Name: auth_user_groups_group_id_97559544; Type: INDEX; Schema: public; Owner: wesiq_admin
--

CREATE INDEX auth_user_groups_group_id_97559544 ON public.auth_user_groups USING btree (group_id);


--
-- Name: auth_user_groups_user_id_6a12ed8b; Type: INDEX; Schema: public; Owner: wesiq_admin
--

CREATE INDEX auth_user_groups_user_id_6a12ed8b ON public.auth_user_groups USING btree (user_id);


--
-- Name: auth_user_user_permissions_permission_id_1fbb5f2c; Type: INDEX; Schema: public; Owner: wesiq_admin
--

CREATE INDEX auth_user_user_permissions_permission_id_1fbb5f2c ON public.auth_user_user_permissions USING btree (permission_id);


--
-- Name: auth_user_user_permissions_user_id_a95ead1b; Type: INDEX; Schema: public; Owner: wesiq_admin
--

CREATE INDEX auth_user_user_permissions_user_id_a95ead1b ON public.auth_user_user_permissions USING btree (user_id);


--
-- Name: auth_user_username_6821ab7c_like; Type: INDEX; Schema: public; Owner: wesiq_admin
--

CREATE INDEX auth_user_username_6821ab7c_like ON public.auth_user USING btree (username varchar_pattern_ops);


--
-- Name: blog_activity_user_id_a4799abf; Type: INDEX; Schema: public; Owner: wesiq_admin
--

CREATE INDEX blog_activity_user_id_a4799abf ON public.blog_activity USING btree (user_id);


--
-- Name: blog_articleforum_article_id_135ab74c; Type: INDEX; Schema: public; Owner: wesiq_admin
--

CREATE INDEX blog_articleforum_article_id_135ab74c ON public.blog_articleforum USING btree (article_id);


--
-- Name: blog_articleforum_reply_id_f1c8cdc0; Type: INDEX; Schema: public; Owner: wesiq_admin
--

CREATE INDEX blog_articleforum_reply_id_f1c8cdc0 ON public.blog_articleforum USING btree (parent_id);


--
-- Name: blog_articleforum_user_id_ce5edcb1; Type: INDEX; Schema: public; Owner: wesiq_admin
--

CREATE INDEX blog_articleforum_user_id_ce5edcb1 ON public.blog_articleforum USING btree (user_id);


--
-- Name: blog_articles_user_id_4ab4e4b3; Type: INDEX; Schema: public; Owner: wesiq_admin
--

CREATE INDEX blog_articles_user_id_4ab4e4b3 ON public.blog_articles USING btree (user_id);


--
-- Name: blog_reviews_user_id_9245770e; Type: INDEX; Schema: public; Owner: wesiq_admin
--

CREATE INDEX blog_reviews_user_id_9245770e ON public.blog_reviews USING btree (user_id);


--
-- Name: blog_trainingplan_user_id_d7e8cff3; Type: INDEX; Schema: public; Owner: wesiq_admin
--

CREATE INDEX blog_trainingplan_user_id_d7e8cff3 ON public.blog_trainingplan USING btree (user_id);


--
-- Name: blog_transactions_stripe_intent_id_76621a2c_like; Type: INDEX; Schema: public; Owner: wesiq_admin
--

CREATE INDEX blog_transactions_stripe_intent_id_76621a2c_like ON public.blog_transactions USING btree (stripe_intent_id varchar_pattern_ops);


--
-- Name: blog_transactions_user_id_c992954a; Type: INDEX; Schema: public; Owner: wesiq_admin
--

CREATE INDEX blog_transactions_user_id_c992954a ON public.blog_transactions USING btree (user_id);


--
-- Name: django_admin_log_content_type_id_c4bce8eb; Type: INDEX; Schema: public; Owner: wesiq_admin
--

CREATE INDEX django_admin_log_content_type_id_c4bce8eb ON public.django_admin_log USING btree (content_type_id);


--
-- Name: django_admin_log_user_id_c564eba6; Type: INDEX; Schema: public; Owner: wesiq_admin
--

CREATE INDEX django_admin_log_user_id_c564eba6 ON public.django_admin_log USING btree (user_id);


--
-- Name: django_celery_beat_periodictask_clocked_id_47a69f82; Type: INDEX; Schema: public; Owner: wesiq_admin
--

CREATE INDEX django_celery_beat_periodictask_clocked_id_47a69f82 ON public.django_celery_beat_periodictask USING btree (clocked_id);


--
-- Name: django_celery_beat_periodictask_crontab_id_d3cba168; Type: INDEX; Schema: public; Owner: wesiq_admin
--

CREATE INDEX django_celery_beat_periodictask_crontab_id_d3cba168 ON public.django_celery_beat_periodictask USING btree (crontab_id);


--
-- Name: django_celery_beat_periodictask_interval_id_a8ca27da; Type: INDEX; Schema: public; Owner: wesiq_admin
--

CREATE INDEX django_celery_beat_periodictask_interval_id_a8ca27da ON public.django_celery_beat_periodictask USING btree (interval_id);


--
-- Name: django_celery_beat_periodictask_name_265a36b7_like; Type: INDEX; Schema: public; Owner: wesiq_admin
--

CREATE INDEX django_celery_beat_periodictask_name_265a36b7_like ON public.django_celery_beat_periodictask USING btree (name varchar_pattern_ops);


--
-- Name: django_celery_beat_periodictask_solar_id_a87ce72c; Type: INDEX; Schema: public; Owner: wesiq_admin
--

CREATE INDEX django_celery_beat_periodictask_solar_id_a87ce72c ON public.django_celery_beat_periodictask USING btree (solar_id);


--
-- Name: django_session_expire_date_a5c62663; Type: INDEX; Schema: public; Owner: wesiq_admin
--

CREATE INDEX django_session_expire_date_a5c62663 ON public.django_session USING btree (expire_date);


--
-- Name: django_session_session_key_c0390e0f_like; Type: INDEX; Schema: public; Owner: wesiq_admin
--

CREATE INDEX django_session_session_key_c0390e0f_like ON public.django_session USING btree (session_key varchar_pattern_ops);


--
-- Name: socialaccount_socialaccount_user_id_8146e70c; Type: INDEX; Schema: public; Owner: wesiq_admin
--

CREATE INDEX socialaccount_socialaccount_user_id_8146e70c ON public.socialaccount_socialaccount USING btree (user_id);


--
-- Name: socialaccount_socialtoken_account_id_951f210e; Type: INDEX; Schema: public; Owner: wesiq_admin
--

CREATE INDEX socialaccount_socialtoken_account_id_951f210e ON public.socialaccount_socialtoken USING btree (account_id);


--
-- Name: socialaccount_socialtoken_app_id_636a42d7; Type: INDEX; Schema: public; Owner: wesiq_admin
--

CREATE INDEX socialaccount_socialtoken_app_id_636a42d7 ON public.socialaccount_socialtoken USING btree (app_id);


--
-- Name: unique_primary_email; Type: INDEX; Schema: public; Owner: wesiq_admin
--

CREATE UNIQUE INDEX unique_primary_email ON public.account_emailaddress USING btree (user_id, "primary") WHERE "primary";


--
-- Name: unique_verified_email; Type: INDEX; Schema: public; Owner: wesiq_admin
--

CREATE UNIQUE INDEX unique_verified_email ON public.account_emailaddress USING btree (email) WHERE verified;


--
-- Name: account_emailaddress account_emailaddress_user_id_2c513194_fk_auth_user_id; Type: FK CONSTRAINT; Schema: public; Owner: wesiq_admin
--

ALTER TABLE ONLY public.account_emailaddress
    ADD CONSTRAINT account_emailaddress_user_id_2c513194_fk_auth_user_id FOREIGN KEY (user_id) REFERENCES public.auth_user(id) DEFERRABLE INITIALLY DEFERRED;


--
-- Name: account_emailconfirmation account_emailconfirm_email_address_id_5b7f8c58_fk_account_e; Type: FK CONSTRAINT; Schema: public; Owner: wesiq_admin
--

ALTER TABLE ONLY public.account_emailconfirmation
    ADD CONSTRAINT account_emailconfirm_email_address_id_5b7f8c58_fk_account_e FOREIGN KEY (email_address_id) REFERENCES public.account_emailaddress(id) DEFERRABLE INITIALLY DEFERRED;


--
-- Name: app_activity app_activity_user_id_8b43f73a_fk_app_users_id; Type: FK CONSTRAINT; Schema: public; Owner: wesiq_admin
--

ALTER TABLE ONLY public.app_activity
    ADD CONSTRAINT app_activity_user_id_8b43f73a_fk_app_users_id FOREIGN KEY (user_id) REFERENCES public.app_users(id) DEFERRABLE INITIALLY DEFERRED;


--
-- Name: app_articleforum app_articleforum_article_id_443aa3b3_fk_app_articles_id; Type: FK CONSTRAINT; Schema: public; Owner: wesiq_admin
--

ALTER TABLE ONLY public.app_articleforum
    ADD CONSTRAINT app_articleforum_article_id_443aa3b3_fk_app_articles_id FOREIGN KEY (article_id) REFERENCES public.app_articles(id) DEFERRABLE INITIALLY DEFERRED;


--
-- Name: app_articleforum app_articleforum_parent_id_a2153569_fk_app_articleforum_id; Type: FK CONSTRAINT; Schema: public; Owner: wesiq_admin
--

ALTER TABLE ONLY public.app_articleforum
    ADD CONSTRAINT app_articleforum_parent_id_a2153569_fk_app_articleforum_id FOREIGN KEY (parent_id) REFERENCES public.app_articleforum(id) DEFERRABLE INITIALLY DEFERRED;


--
-- Name: app_articleforum app_articleforum_user_id_99b44b34_fk_app_users_id; Type: FK CONSTRAINT; Schema: public; Owner: wesiq_admin
--

ALTER TABLE ONLY public.app_articleforum
    ADD CONSTRAINT app_articleforum_user_id_99b44b34_fk_app_users_id FOREIGN KEY (user_id) REFERENCES public.app_users(id) DEFERRABLE INITIALLY DEFERRED;


--
-- Name: app_articles app_articles_user_id_73176762_fk_app_users_id; Type: FK CONSTRAINT; Schema: public; Owner: wesiq_admin
--

ALTER TABLE ONLY public.app_articles
    ADD CONSTRAINT app_articles_user_id_73176762_fk_app_users_id FOREIGN KEY (user_id) REFERENCES public.app_users(id) DEFERRABLE INITIALLY DEFERRED;


--
-- Name: app_reviews app_reviews_user_id_49210d1d_fk_app_users_id; Type: FK CONSTRAINT; Schema: public; Owner: wesiq_admin
--

ALTER TABLE ONLY public.app_reviews
    ADD CONSTRAINT app_reviews_user_id_49210d1d_fk_app_users_id FOREIGN KEY (user_id) REFERENCES public.app_users(id) DEFERRABLE INITIALLY DEFERRED;


--
-- Name: app_trainingplan app_trainingplan_user_id_5ff337ef_fk_app_users_id; Type: FK CONSTRAINT; Schema: public; Owner: wesiq_admin
--

ALTER TABLE ONLY public.app_trainingplan
    ADD CONSTRAINT app_trainingplan_user_id_5ff337ef_fk_app_users_id FOREIGN KEY (user_id) REFERENCES public.app_users(id) DEFERRABLE INITIALLY DEFERRED;


--
-- Name: app_transactions app_transactions_user_id_95816a17_fk_app_users_id; Type: FK CONSTRAINT; Schema: public; Owner: wesiq_admin
--

ALTER TABLE ONLY public.app_transactions
    ADD CONSTRAINT app_transactions_user_id_95816a17_fk_app_users_id FOREIGN KEY (user_id) REFERENCES public.app_users(id) DEFERRABLE INITIALLY DEFERRED;


--
-- Name: auth_group_permissions auth_group_permissio_permission_id_84c5c92e_fk_auth_perm; Type: FK CONSTRAINT; Schema: public; Owner: wesiq_admin
--

ALTER TABLE ONLY public.auth_group_permissions
    ADD CONSTRAINT auth_group_permissio_permission_id_84c5c92e_fk_auth_perm FOREIGN KEY (permission_id) REFERENCES public.auth_permission(id) DEFERRABLE INITIALLY DEFERRED;


--
-- Name: auth_group_permissions auth_group_permissions_group_id_b120cbf9_fk_auth_group_id; Type: FK CONSTRAINT; Schema: public; Owner: wesiq_admin
--

ALTER TABLE ONLY public.auth_group_permissions
    ADD CONSTRAINT auth_group_permissions_group_id_b120cbf9_fk_auth_group_id FOREIGN KEY (group_id) REFERENCES public.auth_group(id) DEFERRABLE INITIALLY DEFERRED;


--
-- Name: auth_permission auth_permission_content_type_id_2f476e4b_fk_django_co; Type: FK CONSTRAINT; Schema: public; Owner: wesiq_admin
--

ALTER TABLE ONLY public.auth_permission
    ADD CONSTRAINT auth_permission_content_type_id_2f476e4b_fk_django_co FOREIGN KEY (content_type_id) REFERENCES public.django_content_type(id) DEFERRABLE INITIALLY DEFERRED;


--
-- Name: auth_user_groups auth_user_groups_group_id_97559544_fk_auth_group_id; Type: FK CONSTRAINT; Schema: public; Owner: wesiq_admin
--

ALTER TABLE ONLY public.auth_user_groups
    ADD CONSTRAINT auth_user_groups_group_id_97559544_fk_auth_group_id FOREIGN KEY (group_id) REFERENCES public.auth_group(id) DEFERRABLE INITIALLY DEFERRED;


--
-- Name: auth_user_groups auth_user_groups_user_id_6a12ed8b_fk_auth_user_id; Type: FK CONSTRAINT; Schema: public; Owner: wesiq_admin
--

ALTER TABLE ONLY public.auth_user_groups
    ADD CONSTRAINT auth_user_groups_user_id_6a12ed8b_fk_auth_user_id FOREIGN KEY (user_id) REFERENCES public.auth_user(id) DEFERRABLE INITIALLY DEFERRED;


--
-- Name: auth_user_user_permissions auth_user_user_permi_permission_id_1fbb5f2c_fk_auth_perm; Type: FK CONSTRAINT; Schema: public; Owner: wesiq_admin
--

ALTER TABLE ONLY public.auth_user_user_permissions
    ADD CONSTRAINT auth_user_user_permi_permission_id_1fbb5f2c_fk_auth_perm FOREIGN KEY (permission_id) REFERENCES public.auth_permission(id) DEFERRABLE INITIALLY DEFERRED;


--
-- Name: auth_user_user_permissions auth_user_user_permissions_user_id_a95ead1b_fk_auth_user_id; Type: FK CONSTRAINT; Schema: public; Owner: wesiq_admin
--

ALTER TABLE ONLY public.auth_user_user_permissions
    ADD CONSTRAINT auth_user_user_permissions_user_id_a95ead1b_fk_auth_user_id FOREIGN KEY (user_id) REFERENCES public.auth_user(id) DEFERRABLE INITIALLY DEFERRED;


--
-- Name: blog_activity blog_activity_user_id_a4799abf_fk_blog_users_id; Type: FK CONSTRAINT; Schema: public; Owner: wesiq_admin
--

ALTER TABLE ONLY public.blog_activity
    ADD CONSTRAINT blog_activity_user_id_a4799abf_fk_blog_users_id FOREIGN KEY (user_id) REFERENCES public.blog_users(id) DEFERRABLE INITIALLY DEFERRED;


--
-- Name: blog_articleforum blog_articleforum_article_id_135ab74c_fk_blog_articles_id; Type: FK CONSTRAINT; Schema: public; Owner: wesiq_admin
--

ALTER TABLE ONLY public.blog_articleforum
    ADD CONSTRAINT blog_articleforum_article_id_135ab74c_fk_blog_articles_id FOREIGN KEY (article_id) REFERENCES public.blog_articles(id) DEFERRABLE INITIALLY DEFERRED;


--
-- Name: blog_articleforum blog_articleforum_parent_id_455cfb79_fk_blog_articleforum_id; Type: FK CONSTRAINT; Schema: public; Owner: wesiq_admin
--

ALTER TABLE ONLY public.blog_articleforum
    ADD CONSTRAINT blog_articleforum_parent_id_455cfb79_fk_blog_articleforum_id FOREIGN KEY (parent_id) REFERENCES public.blog_articleforum(id) DEFERRABLE INITIALLY DEFERRED;


--
-- Name: blog_articleforum blog_articleforum_user_id_ce5edcb1_fk_blog_users_id; Type: FK CONSTRAINT; Schema: public; Owner: wesiq_admin
--

ALTER TABLE ONLY public.blog_articleforum
    ADD CONSTRAINT blog_articleforum_user_id_ce5edcb1_fk_blog_users_id FOREIGN KEY (user_id) REFERENCES public.blog_users(id) DEFERRABLE INITIALLY DEFERRED;


--
-- Name: blog_articles blog_articles_user_id_4ab4e4b3_fk_blog_users_id; Type: FK CONSTRAINT; Schema: public; Owner: wesiq_admin
--

ALTER TABLE ONLY public.blog_articles
    ADD CONSTRAINT blog_articles_user_id_4ab4e4b3_fk_blog_users_id FOREIGN KEY (user_id) REFERENCES public.blog_users(id) DEFERRABLE INITIALLY DEFERRED;


--
-- Name: blog_reviews blog_reviews_user_id_9245770e_fk_blog_users_id; Type: FK CONSTRAINT; Schema: public; Owner: wesiq_admin
--

ALTER TABLE ONLY public.blog_reviews
    ADD CONSTRAINT blog_reviews_user_id_9245770e_fk_blog_users_id FOREIGN KEY (user_id) REFERENCES public.blog_users(id) DEFERRABLE INITIALLY DEFERRED;


--
-- Name: blog_trainingplan blog_trainingplan_user_id_d7e8cff3_fk_blog_users_id; Type: FK CONSTRAINT; Schema: public; Owner: wesiq_admin
--

ALTER TABLE ONLY public.blog_trainingplan
    ADD CONSTRAINT blog_trainingplan_user_id_d7e8cff3_fk_blog_users_id FOREIGN KEY (user_id) REFERENCES public.blog_users(id) DEFERRABLE INITIALLY DEFERRED;


--
-- Name: blog_transactions blog_transactions_user_id_c992954a_fk_blog_users_id; Type: FK CONSTRAINT; Schema: public; Owner: wesiq_admin
--

ALTER TABLE ONLY public.blog_transactions
    ADD CONSTRAINT blog_transactions_user_id_c992954a_fk_blog_users_id FOREIGN KEY (user_id) REFERENCES public.blog_users(id) DEFERRABLE INITIALLY DEFERRED;


--
-- Name: django_admin_log django_admin_log_content_type_id_c4bce8eb_fk_django_co; Type: FK CONSTRAINT; Schema: public; Owner: wesiq_admin
--

ALTER TABLE ONLY public.django_admin_log
    ADD CONSTRAINT django_admin_log_content_type_id_c4bce8eb_fk_django_co FOREIGN KEY (content_type_id) REFERENCES public.django_content_type(id) DEFERRABLE INITIALLY DEFERRED;


--
-- Name: django_admin_log django_admin_log_user_id_c564eba6_fk_auth_user_id; Type: FK CONSTRAINT; Schema: public; Owner: wesiq_admin
--

ALTER TABLE ONLY public.django_admin_log
    ADD CONSTRAINT django_admin_log_user_id_c564eba6_fk_auth_user_id FOREIGN KEY (user_id) REFERENCES public.auth_user(id) DEFERRABLE INITIALLY DEFERRED;


--
-- Name: django_celery_beat_periodictask django_celery_beat_p_clocked_id_47a69f82_fk_django_ce; Type: FK CONSTRAINT; Schema: public; Owner: wesiq_admin
--

ALTER TABLE ONLY public.django_celery_beat_periodictask
    ADD CONSTRAINT django_celery_beat_p_clocked_id_47a69f82_fk_django_ce FOREIGN KEY (clocked_id) REFERENCES public.django_celery_beat_clockedschedule(id) DEFERRABLE INITIALLY DEFERRED;


--
-- Name: django_celery_beat_periodictask django_celery_beat_p_crontab_id_d3cba168_fk_django_ce; Type: FK CONSTRAINT; Schema: public; Owner: wesiq_admin
--

ALTER TABLE ONLY public.django_celery_beat_periodictask
    ADD CONSTRAINT django_celery_beat_p_crontab_id_d3cba168_fk_django_ce FOREIGN KEY (crontab_id) REFERENCES public.django_celery_beat_crontabschedule(id) DEFERRABLE INITIALLY DEFERRED;


--
-- Name: django_celery_beat_periodictask django_celery_beat_p_interval_id_a8ca27da_fk_django_ce; Type: FK CONSTRAINT; Schema: public; Owner: wesiq_admin
--

ALTER TABLE ONLY public.django_celery_beat_periodictask
    ADD CONSTRAINT django_celery_beat_p_interval_id_a8ca27da_fk_django_ce FOREIGN KEY (interval_id) REFERENCES public.django_celery_beat_intervalschedule(id) DEFERRABLE INITIALLY DEFERRED;


--
-- Name: django_celery_beat_periodictask django_celery_beat_p_solar_id_a87ce72c_fk_django_ce; Type: FK CONSTRAINT; Schema: public; Owner: wesiq_admin
--

ALTER TABLE ONLY public.django_celery_beat_periodictask
    ADD CONSTRAINT django_celery_beat_p_solar_id_a87ce72c_fk_django_ce FOREIGN KEY (solar_id) REFERENCES public.django_celery_beat_solarschedule(id) DEFERRABLE INITIALLY DEFERRED;


--
-- Name: socialaccount_socialtoken socialaccount_social_account_id_951f210e_fk_socialacc; Type: FK CONSTRAINT; Schema: public; Owner: wesiq_admin
--

ALTER TABLE ONLY public.socialaccount_socialtoken
    ADD CONSTRAINT socialaccount_social_account_id_951f210e_fk_socialacc FOREIGN KEY (account_id) REFERENCES public.socialaccount_socialaccount(id) DEFERRABLE INITIALLY DEFERRED;


--
-- Name: socialaccount_socialtoken socialaccount_social_app_id_636a42d7_fk_socialacc; Type: FK CONSTRAINT; Schema: public; Owner: wesiq_admin
--

ALTER TABLE ONLY public.socialaccount_socialtoken
    ADD CONSTRAINT socialaccount_social_app_id_636a42d7_fk_socialacc FOREIGN KEY (app_id) REFERENCES public.socialaccount_socialapp(id) DEFERRABLE INITIALLY DEFERRED;


--
-- Name: socialaccount_socialaccount socialaccount_socialaccount_user_id_8146e70c_fk_auth_user_id; Type: FK CONSTRAINT; Schema: public; Owner: wesiq_admin
--

ALTER TABLE ONLY public.socialaccount_socialaccount
    ADD CONSTRAINT socialaccount_socialaccount_user_id_8146e70c_fk_auth_user_id FOREIGN KEY (user_id) REFERENCES public.auth_user(id) DEFERRABLE INITIALLY DEFERRED;


--
-- PostgreSQL database dump complete
--

\unrestrict mdD2ZMeQf3He9AfFHU7viSWiUFErW1epmfGzDsIGy1xQCZxSvWf8POXCurtVN5t

